season,player_id,first_name,last_name,player_name,position,height_wo_shoes,height_wo_shoes_ft_in,height_w_shoes,height_w_shoes_ft_in,weight,wingspan,wingspan_ft_in,standing_reach,standing_reach_ft_in,body_fat_pct,hand_length,hand_width,standing_vertical_leap,max_vertical_leap,lane_agility_time,modified_lane_agility_time,three_quarter_sprint,bench_press,spot_fifteen_corner_left,spot_fifteen_break_left,spot_fifteen_top_key,spot_fifteen_break_right,spot_fifteen_corner_right,spot_college_corner_left,spot_college_break_left,spot_college_top_key,spot_college_break_right,spot_college_corner_right,spot_nba_corner_left,spot_nba_break_left,spot_nba_top_key,spot_nba_break_right,spot_nba_corner_right,off_drib_fifteen_break_left,off_drib_fifteen_top_key,off_drib_fifteen_break_right,off_drib_college_break_left,off_drib_college_top_key,off_drib_college_break_right,on_move_fifteen,on_move_college
2019-01-01,1629638,Nickeil,Alexander-Walker,Nickeil Alexander-Walker,SG,76.25,6' 4.25'',77.5,6' 5.5'',203.8,81.5,6' 9.5'',102.0,8' 6'',5.9,8.5,8.75,0.0,0.0,0.0,0.0,0.0,0.0,Sin_Dato,,,,,,,,,,,,,,,,,,,,Sin_Dato,Sin_Dato,Sin_Dato
2019-01-01,1629628,RJ,Barrett,RJ Barrett,SF,0.0,Sin_Dato,0.0,Sin_Dato,Sin_Dato,0.0,Sin_Dato,0.0,Sin_Dato,Sin_Dato,Sin_Dato,Sin_Dato,0.0,0.0,0.0,0.0,0.0,0.0,Sin_Dato,,,,,,,,,,,,,,,,,,,,Sin_Dato,Sin_Dato,Sin_Dato
2019-01-01,1629646,Charles,Bassey,Charles Bassey,C,80.75,6' 8.75'',82.0,6' 10'',239,87.5,7' 3.5'',109.5,9' 1.5'',8.5,9.25,9.5,29.0,33.0,12.65,3.27,3.53,7.0,4-5,4-5,3-5,4-5,3-5,,,,,,2-5,2-5,3-5,2-5,3-5,1-4,1-4,3-4,,,Sin_Dato,23-34,Sin_Dato
2019-01-01,1629647,Darius,Bazley,Darius Bazley,PF,79.75,6' 7.75'',81.0,6' 9'',208.4,84.0,7' 0'',107.0,8' 11'',3.6,9.0,9.75,30.5,37.0,11.09,2.95,3.27,4.0,Sin_Dato,,,,,4-5,2-5,3-5,1-5,1-5,3-5,2-5,4-5,3-5,4-5,2-4,0-4,2-4,,,Sin_Dato,19-31,Sin_Dato
2019-01-01,1629626,Bol,Bol,Bol Bol,C,84.75,7' 0.75'',86.5,7' 2.5'',208,91.0,7' 7'',115.5,9' 7.5'',7.1,9.25,9.5,0.0,0.0,0.0,0.0,0.0,0.0,Sin_Dato,,,,,,,,,,,,,,,,,,,,Sin_Dato,Sin_Dato,Sin_Dato
2019-01-01,1629648,Jordan,Bone,Jordan Bone,SG,73.5,6' 1.5'',74.75,6' 2.75'',179,75.25,6' 3.25'',95.0,7' 11'',5.0,7.5,9.25,36.0,42.5,9.97,2.78,3.08,7.0,Sin_Dato,,,,,3-5,4-5,4-5,4-5,5-5,3-5,5-5,5-5,2-5,2-5,3-4,2-4,2-4,,,Sin_Dato,21-34,Sin_Dato
2019-01-01,1628968,Brian,Bowen II,Brian Bowen II,SF,78.25,6' 6.25'',79.5,6' 7.5'',200,82.0,6' 10'',103.0,8' 7'',6.5,8.5,9.75,32.0,35.5,10.98,3.21,3.26,1.0,Sin_Dato,,,,,,,,,,,,,,,,,,,,Sin_Dato,6-11,Sin_Dato
2019-01-01,1629065,Ky,Bowman,Ky Bowman,PG,73.0,6' 1'',74.25,6' 2.25'',181.2,79.0,6' 7'',98.0,8' 2'',4.9,8.25,9.0,27.5,33.0,11.11,3.11,3.26,4.0,Sin_Dato,,,,,3-5,4-5,4-5,5-5,2-5,4-5,2-5,3-5,2-5,3-5,3-4,3-4,1-4,,,Sin_Dato,23-36,Sin_Dato
2019-01-01,1629649,Ignas,Brazdeikis,Ignas Brazdeikis,SF,77.75,6' 5.75'',79.25,6' 7.25'',220.8,81.25,6' 9.25'',102.0,8' 6'',6.0,8.75,9.5,31.0,36.5,11.06,3.17,3.36,13.0,Sin_Dato,,,,,5-5,4-5,4-5,1-5,3-5,4-5,4-5,2-5,4-5,4-5,1-4,2-4,3-4,,,Sin_Dato,27-32,Sin_Dato
2019-01-01,1629052,O'Shae,Brissett,O'Shae Brissett,SF-PF,79.0,6' 7'',80.0,6' 8'',203.2,84.0,7' 0'',104.0,8' 8'',2.9,9.0,9.5,34.0,37.5,11.3,3.18,3.48,11.0,Sin_Dato,,,,,4-5,5-5,3-5,5-5,1-5,0-5,4-5,4-5,4-5,2-5,2-4,3-4,3-4,4-4,3-4,3-4,8-10,8-10
2019-01-01,1629650,Moses,Brown,Moses Brown,C,85.25,7' 1.25'',86.5,7' 2.5'',237.2,88.75,7' 4.75'',113.0,9' 5'',7.8,9.5,10.25,27.0,31.0,11.95,3.3,3.51,0.0,Sin_Dato,,,,,,,,,,,,,,,,,,,,Sin_Dato,Sin_Dato,Sin_Dato
2019-01-01,1629634,Brandon,Clarke,Brandon Clarke,SF,79.25,6' 7.25'',80.25,6' 8.25'',207.2,80.25,6' 8.25'',102.0,8' 6'',4.9,8.25,9.5,34.0,40.5,10.61,3.05,3.15,10.0,4-5,4-5,4-5,4-5,2-4,,,,,,2-5,3-5,1-5,3-5,2-5,3-4,2-4,3-4,,,Sin_Dato,20-32,Sin_Dato
2019-01-01,1629651,Nicolas,Claxton,Nicolas Claxton,C,82.0,6' 10'',83.75,6' 11.75'',216.6,86.5,7' 2.5'',110.0,9' 2'',4.5,9.25,9.5,31.5,36.5,11.26,3.47,3.36,8.0,Sin_Dato,,,,,1-5,3-5,5-5,3-5,3-5,2-5,4-5,3-5,2-5,3-5,3-4,3-4,0-4,,,Sin_Dato,9-28,Sin_Dato
2019-01-01,1629076,Tyler,Cook,Tyler Cook,PF,79.25,6' 7.25'',80.75,6' 8.75'',245.4,84.5,7' 0.5'',106.5,8' 10.5'',6.1,9.5,10.75,27.5,32.0,11.32,3.1,3.28,11.0,Sin_Dato,,,,,3-5,4-5,3-5,1-5,3-5,3-5,3-5,2-5,3-5,0-5,0-4,2-4,1-4,,,Sin_Dato,15-30,Sin_Dato
2019-01-01,1629633,Jarrett,Culver,Jarrett Culver,SG,77.25,6' 5.25'',78.75,6' 6.75'',194.2,81.5,6' 9.5'',100.5,8' 4.5'',5.0,8.25,8.5,0.0,0.0,0.0,0.0,0.0,0.0,Sin_Dato,,,,,,,,,,,,,,,,,,,,Sin_Dato,Sin_Dato,Sin_Dato
2019-01-01,1629056,Terence,Davis,Terence Davis,SG,75.0,6' 3'',76.5,6' 4.5'',192.4,80.75,6' 8.75'',101.0,8' 5'',4.1,9.25,10.75,29.5,34.0,10.69,2.96,3.28,13.0,Sin_Dato,,,,,5-5,3-5,2-5,3-5,4-5,4-5,3-5,5-5,3-5,4-5,3-4,3-4,2-4,,,Sin_Dato,20-33,Sin_Dato
2019-01-01,1629652,Luguentz,Dort,Luguentz Dort,PG,74.75,6' 2.75'',76.25,6' 4.25'',222.2,80.5,6' 8.5'',99.5,8' 3.5'',5.0,8.5,9.0,32.5,38.0,10.79,3.13,3.22,14.0,Sin_Dato,,,,,,,,,,,,,,,,,,,,Sin_Dato,Sin_Dato,Sin_Dato
2019-01-01,1629653,Devon,Dotson,Devon Dotson,PG,72.0,6' 0'',74.0,6' 2'',178.6,75.25,6' 3.25'',95.5,7' 11.5'',5.9,8.25,9.5,30.0,38.5,10.63,2.8,3.04,7.0,Sin_Dato,,,,,1-5,3-5,3-5,3-5,4-5,4-5,3-5,3-5,2-5,3-5,2-4,3-4,1-4,,,Sin_Dato,22-32,Sin_Dato
2019-01-01,1629654,Carsen,Edwards,Carsen Edwards,PG,70.75,5' 10.75'',72.25,6' 0.25'',199.4,78.0,6' 6'',94.5,7' 10.5'',5.5,8.75,9.0,28.5,34.0,10.53,2.82,3.22,14.0,4-5,4-5,4-5,4-5,5-5,,,,,,4-4,3-5,3-5,3-5,2-5,3-4,3-4,1-4,,,Sin_Dato,21-33,Sin_Dato
2019-01-01,1629605,Tacko,Fall,Tacko Fall,C,89.25,7' 5.25'',91.0,7' 7'',288.8,98.25,8' 2.25'',122.5,10' 2.5'',6.8,10.5,10.5,22.0,26.5,13.01,3.46,3.78,8.0,Sin_Dato,,,,,0-5,1-5,0-5,2-5,1-5,1-5,0-5,1-5,1-5,0-5,2-4,2-4,0-4,,,Sin_Dato,19-32,Sin_Dato
2019-01-01,1628981,Bruno,Fernando,Bruno Fernando,C,80.75,6' 8.75'',82.25,6' 10.25'',237,87.25,7' 3.25'',110.0,9' 2'',5.4,9.25,10.0,29.5,33.5,11.29,3.05,3.21,13.0,Sin_Dato,,,,,,,,,,,,,,,,,,,,Sin_Dato,22-31,Sin_Dato
2019-01-01,1629655,Daniel,Gafford,Daniel Gafford,PF,81.25,6' 9.25'',82.5,6' 10.5'',237.6,86.5,7' 2.25'',110.0,9' 2'',5.9,9.25,9.25,32.5,36.5,11.61,3.19,3.25,5.0,Sin_Dato,,,,,,,,,,,,,,,,,,,,Sin_Dato,Sin_Dato,Sin_Dato
2019-01-01,1629636,Darius,Garland,Darius Garland,PG,0.0,Sin_Dato,0.0,Sin_Dato,Sin_Dato,0.0,Sin_Dato,0.0,Sin_Dato,Sin_Dato,Sin_Dato,Sin_Dato,0.0,0.0,0.0,0.0,0.0,0.0,Sin_Dato,,,,,,,,,,,,,,,,,,,,Sin_Dato,Sin_Dato,Sin_Dato
2019-01-01,1629656,Quentin,Grimes,Quentin Grimes,SG,76.0,6' 4'',77.25,6' 5.25'',209.6,79.75,6' 7.75'',100.5,8' 4.5'',8.4,8.25,10.0,27.5,36.0,10.83,3.28,3.2,6.0,Sin_Dato,,,,,4-5,2-5,3-5,4-5,3-5,3-5,4-5,2-5,3-5,4-5,3-4,3-4,3-4,3-4,3-4,1-4,6-10,7-10
2019-01-01,1629657,Kyle,Guy,Kyle Guy,SG,72.75,6' 0.75'',74.25,6' 2.25'',167.8,76.5,6' 4.5'',95.5,7' 11.5'',5.7,8.0,8.75,30.5,36.5,10.48,3.07,3.27,4.0,Sin_Dato,,,,,4-5,5-5,2-5,5-5,4-5,4-5,4-5,3-5,5-5,4-5,2-4,2-4,4-4,,,Sin_Dato,23-39,Sin_Dato
2019-01-01,1628986,Jaylen,Hands,Jaylen Hands,PG,73.5,6' 1.5'',75.0,6' 3'',180.4,77.5,6' 5.5'',97.0,8' 1'',5.1,8.0,8.25,33.0,41.5,10.73,3.03,3.12,6.0,Sin_Dato,,,,,3-5,4-5,3-5,4-5,3-5,2-5,2-5,4-5,4-5,3-5,,,,3-4,2-4,1-4,22-32,Sin_Dato
2019-01-01,1629607,Jared,Harper,Jared Harper,PG,69.75,5' 9.75'',71.0,5' 11'',169.2,77.5,6' 5.5'',94.0,7' 10'',3.9,8.25,9.5,33.5,40.5,10.77,3.02,3.04,8.0,Sin_Dato,,,,,4-5,5-5,4-5,3-5,5-5,5-5,4-5,4-5,4-5,4-5,0-4,2-4,2-4,,,Sin_Dato,17-30,Sin_Dato
2019-01-01,1629637,Jaxson,Hayes,Jaxson Hayes,PF,82.25,6' 10.25'',83.5,6' 11.5'',218.6,87.5,7' 3.5'',110.5,9' 2.5'',5.0,9.25,10.5,27.0,34.5,11.74,3.23,3.37,5.0,Sin_Dato,,,,,,,,,,,,,,,,,,,,Sin_Dato,Sin_Dato,Sin_Dato
2019-01-01,1629608,Dewan,Hernandez,Dewan Hernandez,C,81.0,6' 9'',82.25,6' 10.25'',232.8,85.75,7' 1.75'',107.0,8' 11'',6.1,9.5,10.25,30.5,35.5,11.46,3.25,3.28,13.0,Sin_Dato,,,,,3-5,3-5,1-5,2-5,4-5,3-5,1-5,3-5,4-5,2-5,3-4,2-4,3-4,3-4,2-4,2-4,5-12,8-12
2019-01-01,1629639,Tyler,Herro,Tyler Herro,SG,76.5,6' 4.5'',78.0,6' 6'',192.4,75.25,6' 3.25'',100.5,8' 4.5'',7.1,8.0,8.75,0.0,0.0,0.0,0.0,0.0,0.0,Sin_Dato,,,,,,,,,,,,,,,,,,,,Sin_Dato,Sin_Dato,Sin_Dato
2019-01-01,1629658,Jalen,Hoard,Jalen Hoard,PF,79.25,6' 7.25'',81.0,6' 9'',212.6,84.75,7' 0.75'',105.5,8' 9.5'',6.7,8.75,9.75,27.5,35.5,11.44,3.32,3.34,8.0,Sin_Dato,,,,,2-5,1-5,3-5,4-5,0-5,4-5,3-5,2-5,2-5,3-5,3-4,2-4,1-4,,,Sin_Dato,19-30,Sin_Dato
2019-01-01,1629659,Talen,Horton-Tucker,Talen Horton-Tucker,SG,74.5,6' 2.5'',76.0,6' 4'',235.4,85.25,7' 1.25'',103.0,8' 7'',8.4,9.5,9.75,26.0,34.5,11.34,3.43,3.34,10.0,Sin_Dato,,,,,,,,,,,,,,,,,,,,Sin_Dato,Sin_Dato,Sin_Dato
2019-01-01,1629631,De'Andre,Hunter,De'Andre Hunter,,0.0,Sin_Dato,0.0,Sin_Dato,Sin_Dato,0.0,Sin_Dato,0.0,Sin_Dato,Sin_Dato,Sin_Dato,Sin_Dato,0.0,0.0,0.0,0.0,0.0,0.0,Sin_Dato,,,,,,,,,,,,,,,,,,,,Sin_Dato,Sin_Dato,Sin_Dato
2019-01-01,1629610,DaQuan,Jeffries,DaQuan Jeffries,SF-PF,76.0,6' 4'',77.0,6' 5'',215.6,83.25,6' 11.25'',104.0,8' 8'',3.9,9.5,10.25,0.0,0.0,0.0,0.0,0.0,0.0,Sin_Dato,,,,,4-6,5-6,3-4,5-5,4-5,3-5,4-6,2-6,3-5,4-5,2-4,3-4,1-4,,,Sin_Dato,17-31,Sin_Dato
2019-01-01,1629660,Ty,Jerome,Ty Jerome,PG,76.25,6' 4.25'',77.5,6' 5.5'',194.4,76.0,6' 4'',98.0,8' 2'',6.5,8.25,9.5,26.0,31.5,11.21,3.12,3.4,2.0,Sin_Dato,,,,,,,,,,,,,,,,,,,,Sin_Dato,Sin_Dato,Sin_Dato
2019-01-01,1629640,Keldon,Johnson,Keldon Johnson,SG,76.75,6' 4.75'',78.0,6' 6'',216.4,81.25,6' 9.25'',104.0,8' 8'',5.6,8.0,9.25,0.0,0.0,0.0,0.0,0.0,0.0,Sin_Dato,,,,,,,,,,,,,,,,,,,,Sin_Dato,Sin_Dato,Sin_Dato
2019-01-01,1629661,Cameron,Johnson,Cameron Johnson,SG,79.0,6' 7'',80.5,6' 8.5'',205.2,82.0,6' 10'',103.0,8' 7'',5.8,8.0,8.5,30.5,36.5,10.52,3.28,3.26,0.0,Sin_Dato,,,,,,,,,,,,,,,,,,,,Sin_Dato,Sin_Dato,Sin_Dato
2019-01-01,1629662,Mfiondu,Kabengele,Mfiondu Kabengele,PF,80.75,6' 8.75'',82.25,6' 10.25'',256.2,87.0,7' 3'',109.5,9' 1.5'',5.1,9.25,10.75,28.0,35.5,11.21,3.3,3.25,6.0,2-3,5-5,3-5,2-5,4-5,,,,,,5-5,4-5,2-5,3-5,3-5,1-4,2-4,4-4,,,Sin_Dato,22-32,Sin_Dato
2019-01-01,1629663,Louis,King,Louis King,SF,78.75,6' 6.75'',80.0,6' 8'',195.2,84.25,7' 0.25'',104.5,8' 8.5'',4.8,8.0,8.5,29.0,33.0,10.99,3.05,3.28,0.0,Sin_Dato,,,,,3-5,5-5,3-5,3-5,3-5,4-5,2-5,2-5,3-5,3-5,3-4,2-4,3-4,,,Sin_Dato,20-29,Sin_Dato
2019-01-01,1629641,Romeo,Langford,Romeo Langford,SG,76.5,6' 4.5'',78.0,6' 6'',Sin_Dato,83.0,6' 11'',103.0,8' 7'',Sin_Dato,9.0,9.0,0.0,0.0,0.0,0.0,0.0,0.0,Sin_Dato,,,,,,,,,,,,,,,,,,,,Sin_Dato,Sin_Dato,Sin_Dato
2019-01-01,1629664,Dedric,Lawson,Dedric Lawson,PF,79.0,6' 7'',80.5,6' 8.5'',233,86.25,7' 2.25'',107.5,8' 11.5'',8.9,9.75,9.75,23.5,26.0,11.8,3.54,3.6,10.0,Sin_Dato,,,,,1-5,5-5,4-5,1-5,5-5,2-5,1-5,3-5,2-5,2-5,,,,3-4,1-4,2-4,21-31,Sin_Dato
2019-01-01,1629665,Jalen,Lecque,Jalen Lecque,PG,74.5,6' 2.5'',76.25,6' 4.25'',185.2,80.5,6' 8.5'',98.5,8' 2.5'',4.0,8.75,8.5,35.0,43.0,11.09,3.3,3.29,1.0,Sin_Dato,,,,,,,,,,,,,,,,,,,,Sin_Dato,Sin_Dato,Sin_Dato
2019-01-01,1629642,Nassir,Little,Nassir Little,SF,76.5,6' 4.5'',78.0,6' 6'',224.2,85.25,7' 1.25'',104.5,8' 8.5'',5.9,8.75,10.0,31.0,38.5,12.15,3.1,3.24,5.0,Sin_Dato,5-5,2-5,3-5,5-5,,,,,,4-5,3-5,4-5,1-5,2-5,0-4,2-4,2-4,,,Sin_Dato,8-10,6-9
2019-01-01,1629611,Terance,Mann,Terance Mann,SG-SF,76.75,6' 4.75'',78.5,6' 6.5'',204.6,79.75,6' 7.75'',101.0,8' 5'',4.0,9.5,9.25,32.5,38.5,11.51,3.14,3.3,6.0,Sin_Dato,,,,,2-5,5-5,3-5,3-5,4-5,2-5,1-5,1-5,2-5,4-5,1-4,3-4,2-4,,,Sin_Dato,20-31,Sin_Dato
2019-01-01,1628998,Cody,Martin,Cody Martin,PG-SG,76.75,6' 4.75'',77.5,6' 5.5'',192.2,82.25,6' 10.25'',102.5,8' 6.5'',5.0,8.25,9.0,28.0,35.5,10.44,2.99,3.32,7.0,Sin_Dato,,,,,3-5,4-5,4-5,3-5,3-5,2-5,3-5,4-5,4-5,3-5,2-4,3-4,2-4,,,Sin_Dato,18-31,Sin_Dato
2019-01-01,1629666,Charles,Matthews,Charles Matthews,SG,77.0,6' 5'',78.25,6' 6.25'',194.8,81.5,6' 9.5'',103.0,8' 7'',3.8,8.5,8.75,29.5,37.5,11.26,3.24,3.38,9.0,Sin_Dato,,,,,0-5,3-5,4-6,4-6,4-5,1-5,2-5,2-5,2-5,1-5,1-4,1-4,2-4,,,Sin_Dato,17-28,Sin_Dato
2019-01-01,1629667,Jalen,McDaniels,Jalen McDaniels,SF,80.25,6' 8.25'',81.75,6' 9.75'',191.6,84.25,7' 0.25'',105.5,8' 9.5'',5.7,9.0,10.0,29.5,33.5,11.54,3.23,3.32,0.0,Sin_Dato,,,,,4-5,3-6,4-5,1-5,3-5,2-5,5-6,2-5,3-6,1-5,3-4,2-4,2-4,,,Sin_Dato,20-30,Sin_Dato
2019-01-01,1629630,Ja,Morant,Ja Morant,PG,0.0,Sin_Dato,0.0,Sin_Dato,Sin_Dato,0.0,Sin_Dato,0.0,Sin_Dato,Sin_Dato,Sin_Dato,Sin_Dato,0.0,0.0,0.0,0.0,0.0,0.0,Sin_Dato,,,,,,,,,,,,,,,,,,,,Sin_Dato,Sin_Dato,Sin_Dato
2019-01-01,1629668,Zach,Norvell Jr.,Zach Norvell Jr.,SG,76.5,6' 4.5'',77.5,6' 5.5'',206.4,78.0,6' 6'',101.0,8' 5'',7.5,8.5,9.5,24.0,30.0,11.6,3.34,3.43,0.0,Sin_Dato,,,,,3-5,2-5,2-5,4-5,3-5,2-5,5-5,2-5,5-5,5-5,,,,3-4,2-4,1-4,23-32,Sin_Dato
2019-01-01,1629669,Jaylen,Nowell,Jaylen Nowell,SG,75.25,6' 3.25'',76.25,6' 4.25'',202.4,79.25,6' 7.25'',98.0,8' 2'',6.1,8.25,8.5,32.0,38.5,10.76,3.13,3.23,2.0,Sin_Dato,,,,,2-4,1-5,5-5,3-5,4-5,2-4,2-5,3-5,2-5,0-5,3-4,3-4,3-4,,,Sin_Dato,24-29,Sin_Dato
2019-01-01,1629670,Jordan,Nwora,Jordan Nwora,PF,77.75,6' 5.75'',79.5,6' 7.5'',220,82.5,6' 10.5'',103.0,8' 7'',7.8,8.5,9.25,0.0,0.0,0.0,0.0,0.0,0.0,Sin_Dato,,,,,,,,,,,,,,,,,,,,Sin_Dato,Sin_Dato,Sin_Dato
2019-01-01,1629643,Chuma,Okeke,Chuma Okeke,,0.0,Sin_Dato,0.0,Sin_Dato,Sin_Dato,0.0,Sin_Dato,0.0,Sin_Dato,Sin_Dato,Sin_Dato,Sin_Dato,0.0,0.0,0.0,0.0,0.0,0.0,Sin_Dato,,,,,,,,,,,,,,,,,,,,Sin_Dato,Sin_Dato,Sin_Dato
2019-01-01,1629644,KZ,Okpala,KZ Okpala,SF,79.25,6' 7.25'',81.5,6' 9.5'',209.6,85.75,7' 1.75'',106.5,8' 10.5'',4.6,9.25,9.25,30.5,37.0,10.88,3.13,3.38,9.0,Sin_Dato,,,,,,,,,,,,,,,,,,,,Sin_Dato,Sin_Dato,Sin_Dato
2019-01-01,1629671,Miye,Oni,Miye Oni,SG,76.25,6' 4.25'',77.75,6' 5.75'',205.6,82.75,6' 10.75'',100.5,8' 4.5'',4.9,9.0,10.0,30.5,38.5,11.71,3.12,3.17,19.0,Sin_Dato,,,,,4-5,3-5,4-5,5-5,3-5,2-5,1-5,5-5,3-5,4-5,4-4,3-4,2-4,,,Sin_Dato,19-31,Sin_Dato
2019-01-01,1629672,Eric,Paschall,Eric Paschall,SF,78.0,6' 6'',79.25,6' 7.25'',254.4,87.75,6' 11.75'',103.5,8' 7.5'',6.3,9.0,9.5,33.0,38.0,11.63,3.26,3.3,18.0,Sin_Dato,,,,,,,,,,,,,,,,,,,,Sin_Dato,Sin_Dato,Sin_Dato
2019-01-01,1629617,Reggie,Perry,Reggie Perry,SF-PF,80.0,6' 8'',81.25,6' 9.25'',250.8,84.5,7' 0.5'',106.0,8' 10'',6.7,9.0,10.0,28.5,31.5,12.46,3.4,3.3,15.0,Sin_Dato,,,,,4-5,1-5,3-5,2-5,2-5,1-5,4-5,2-5,2-5,4-5,3-4,1-4,4-4,,,Sin_Dato,10-28,Sin_Dato
2019-01-01,1629044,Shamorie,Ponds,Shamorie Ponds,PG,71.5,5' 11.5'',72.5,6' 0.5'',180,75.5,6' 3.5'',96.5,8' 0.5'',9.8,7.75,8.0,29.0,37.0,11.01,3.07,3.2,0.0,Sin_Dato,,,,,1-5,2-5,4-5,5-5,3-5,2-5,1-5,5-5,4-5,4-5,1-4,3-4,3-4,,,Sin_Dato,25-36,Sin_Dato
2019-01-01,1629673,Jordan,Poole,Jordan Poole,SG,75.5,6' 3.5'',77.5,6' 5.5'',190.8,78.75,6' 6.75'',99.5,8' 3.5'',7.5,8.25,8.5,28.0,35.5,10.59,3.14,3.27,0.0,3-5,5-5,3-5,5-5,2-5,,,,,,3-5,4-5,4-5,4-5,5-5,1-4,1-4,3-4,,,Sin_Dato,23-34,Sin_Dato
2019-01-01,1629007,Jontay,Porter,Jontay Porter,PF,81.75,6' 9.75'',83.0,6' 11'',210.4,84.0,7' 0'',109.5,9' 1.5'',8.5,8.75,9.5,0.0,0.0,0.0,0.0,0.0,0.0,Sin_Dato,,,,,,,,,,,,,,,,,,,,Sin_Dato,Sin_Dato,Sin_Dato
2019-01-01,1629645,Kevin,Porter Jr.,Kevin Porter Jr.,SG,76.0,6' 4'',77.5,6' 5.5'',212.6,81.0,6' 9'',103.0,8' 7'',5.1,8.75,8.75,27.0,34.0,10.82,3.03,3.14,2.0,Sin_Dato,,,,,,,,,,,,,,,,,,,,Sin_Dato,Sin_Dato,Sin_Dato
2019-01-01,1629674,Neemias,Queta,Neemias Queta,C,82.75,6' 10.75'',84.25,7' 0.25'',225.8,88.25,7' 4.25'',111.5,9' 3.5'',6.3,9.5,11.0,24.0,32.5,12.04,3.45,3.73,1.0,Sin_Dato,,,,,1-5,4-5,5-5,3-5,4-5,2-5,3-5,4-5,4-5,3-5,2-4,2-4,3-4,,,Sin_Dato,16-26,Sin_Dato
2019-01-01,1629629,Cameron,Reddish,Cameron Reddish,SF,78.5,6' 6.5'',80.0,6' 8'',207.8,84.5,7' 0.5'',105.5,8' 9.5'',4.7,9.0,9.0,0.0,0.0,0.0,0.0,0.0,0.0,Sin_Dato,,,,,,,,,,,,,,,,,,,,Sin_Dato,Sin_Dato,Sin_Dato
2019-01-01,1629675,Naz,Reid,Naz Reid,PF,80.25,6' 8.75'',81.5,6' 9.5'',255.8,87.25,7' 3.25'',109.0,9' 1'',14.0,9.5,9.25,26.0,32.5,12.03,3.76,3.42,3.0,3-5,2-5,3-5,3-5,3-5,,,,,,3-4,2-5,2-5,4-5,2-5,2-4,3-4,1-4,,,Sin_Dato,16-32,Sin_Dato
2019-01-01,1629676,Isaiah,Roby,Isaiah Roby,PF,79.25,6' 7.25'',80.5,6' 8.5'',214,85.0,7' 1'',106.0,8' 10'',3.9,9.0,10.5,32.5,35.5,10.63,3.05,3.25,9.0,4-5,3-5,5-5,5-5,3-5,,,,,,3-5,3-5,5-5,2-5,4-5,3-4,3-4,3-4,,,Sin_Dato,20-34,Sin_Dato
2019-01-01,1629677,Luka,Samanic,Luka Samanic,PF,81.5,6' 9.5'',83.0,6' 11'',227.2,82.5,6' 10.5'',107.0,8' 11'',5.6,8.5,9.0,27.0,38.0,11.01,3.03,3.27,7.0,Sin_Dato,,,,,4-5,2-5,3-5,1-5,1-5,2-5,2-5,3-5,3-5,4-5,3-4,3-4,0-4,,,Sin_Dato,4-11,Sin_Dato
2019-01-01,1629678,Admiral,Schofield,Admiral Schofield,SF,76.0,6' 4'',77.25,6' 5.25'',240.6,81.75,6' 9.75'',102.5,8' 6.5'',6.8,8.75,9.0,30.0,34.0,10.77,2.87,3.37,15.0,Sin_Dato,,,,,,,,,,,,,,,,,,,,Sin_Dato,Sin_Dato,Sin_Dato
2019-01-01,1629621,Marial,Shayok,Marial Shayok,SF-PF,76.5,6' 4.5'',77.5,6' 5.5'',196.8,84.25,7' 0.25'',103.5,8' 7.5'',4.7,8.75,9.25,29.5,36.5,11.16,3.04,3.37,9.0,Sin_Dato,,,,,,,,,,,,,,,,,,,,Sin_Dato,Sin_Dato,Sin_Dato
2019-01-01,1629679,Simisola,Shittu,Simisola Shittu,PF,80.5,6' 8.5'',81.5,6' 9.5'',227.2,85.25,7' 1.25'',106.0,8' 10'',6.2,8.75,8.5,27.0,35.5,11.85,3.24,3.3,11.0,Sin_Dato,,,,,1-5,2-5,1-5,1-5,0-5,1-5,1-5,2-5,0-5,1-5,1-4,1-4,1-4,,,Sin_Dato,12-29,Sin_Dato
2019-01-01,1629681,Killian,Tillie,Killian Tillie,,0.0,Sin_Dato,0.0,Sin_Dato,Sin_Dato,0.0,Sin_Dato,0.0,Sin_Dato,Sin_Dato,Sin_Dato,Sin_Dato,0.0,0.0,0.0,0.0,0.0,0.0,Sin_Dato,,,,,,,,,,,,,,,,,,,,Sin_Dato,Sin_Dato,Sin_Dato
2019-01-01,1629023,P.J.,Washington,P.J. Washington,PF,78.5,6' 6.5'',80.0,6' 8'',230.4,86.5,7' 2.25'',106.5,8' 10.5'',8.6,9.0,10.25,0.0,0.0,0.0,0.0,0.0,0.0,Sin_Dato,,,,,,,,,,,,,,,,,,,,Sin_Dato,Sin_Dato,Sin_Dato
2019-01-01,1629682,Tremont,Waters,Tremont Waters,PG,69.5,5' 9.5'',70.75,5' 10.75'',172.4,74.25,6' 2.25'',93.5,7' 9.5'',6.6,8.0,9.75,30.5,40.5,10.76,3.11,3.07,5.0,Sin_Dato,,,,,2-5,4-5,5-5,4-5,3-5,5-5,3-5,5-5,5-5,4-5,2-4,2-4,3-4,,,Sin_Dato,12-21,Sin_Dato
2019-01-01,1629683,Quinndary,Weatherspoon,Quinndary Weatherspoon,SG,75.0,6' 3'',76.25,6' 4.25'',206.6,81.0,6' 9'',100.0,8' 4'',6.1,8.5,9.0,31.0,38.0,11.57,3.15,3.16,0.0,Sin_Dato,,,,,3-5,4-5,3-5,5-5,3-5,2-5,4-5,4-5,5-5,4-5,3-4,3-4,4-4,,,Sin_Dato,27-34,Sin_Dato
2019-01-01,1629632,Coby,White,Coby White,PG,75.5,6' 3.5'',76.75,6' 4.75'',191.4,77.0,6' 5'',97.5,8' 1.5'',4.3,7.75,9.0,0.0,0.0,0.0,0.0,0.0,0.0,Sin_Dato,,,,,,,,,,,,,,,,,,,,Sin_Dato,Sin_Dato,Sin_Dato
2019-01-01,1629025,Kris,Wilkes,Kris Wilkes,SF,78.25,6' 6.25'',79.75,6' 7.75'',208.8,82.75,6' 10.75'',103.0,8' 7'',4.9,8.5,9.5,27.5,35.0,10.39,3.09,3.34,4.0,5-5,3-5,4-5,3-5,3-5,,,,,,3-5,1-5,3-5,3-5,3-5,2-4,4-4,0-4,,,Sin_Dato,24-33,Sin_Dato
2019-01-01,1629684,Grant,Williams,Grant Williams,PF,77.75,6' 5.75'',79.5,6' 7.5'',240.2,81.75,6' 9.75'',104.5,8' 8.5'',5.4,9.0,10.5,26.0,31.5,10.83,3.27,3.33,20.0,Sin_Dato,,,,,3-5,3-5,1-5,3-5,3-5,4-5,4-5,4-5,3-5,3-5,3-4,2-4,3-4,,,Sin_Dato,23-32,Sin_Dato
2019-01-01,1629627,Zion,Williamson,Zion Williamson,PF,0.0,Sin_Dato,0.0,Sin_Dato,Sin_Dato,0.0,Sin_Dato,0.0,Sin_Dato,Sin_Dato,Sin_Dato,Sin_Dato,0.0,0.0,0.0,0.0,0.0,0.0,Sin_Dato,,,,,,,,,,,,,,,,,,,,Sin_Dato,Sin_Dato,Sin_Dato
2019-01-01,1629685,Dylan,Windler,Dylan Windler,SF,78.25,6' 6.25'',79.5,6' 7.5'',195.8,82.0,6' 10'',104.5,8' 8.5'',4.6,8.25,9.5,29.0,37.5,10.7,2.94,3.3,8.0,Sin_Dato,,,,,,,,,,,,,,,,,,,,Sin_Dato,Sin_Dato,Sin_Dato
2020-01-01,1630173,Precious,Achiuwa,Precious Achiuwa,PF,79.5,6'7.50'',80.7,6'8.75'',234,84.75,7'0.75'',108.5,9'0.50'',6.7,9.0,10.0,0.0,0.0,0.0,0.0,0.0,0.0,Sin_Dato,,,,,,,,,,,,,,,,,,,,Sin_Dato,Sin_Dato,Sin_Dato
2020-01-01,1630234,Ty-Shon,Alexander,Ty-Shon Alexander,SG,74.0,6'2.00'',76.0,6'4.00'',200.8,80.0,6'8.00'',100.0,8'4.00'',12.3,8.75,8.75,28.0,33.0,11.33,2.47,3.26,0.0,Sin_Dato,,,,,,,,,,,,,,,,,,,,Sin_Dato,Sin_Dato,Sin_Dato
2020-01-01,1628962,Udoka,Azubuike,Udoka Azubuike,C,82.0,6'10.00'',83.5,6'11.50'',259.5,91.25,7'7.25'',109.0,9'1.00'',9.61,9.25,10.0,37.0,41.0,11.82,3.61,3.23,0.0,Sin_Dato,,,,,,,,,,,,,,,,,,,,Sin_Dato,Sin_Dato,Sin_Dato
2020-01-01,1630189,Tyler,Bey,Tyler Bey,PF,78.0,6'6.00'',79.0,6'7.00'',212.8,85.25,7'1.25'',105.5,8'9.50'',5.0,8.5,9.0,37.0,43.5,11.35,2.75,3.17,0.0,Sin_Dato,,,,,,,,,,,,,,,,,,,,Sin_Dato,Sin_Dato,Sin_Dato
2020-01-01,1630213,Yoeli,Childs,Yoeli Childs,PF,78.0,6'6.00'',79.0,6'7.00'',226.4,83.5,6'11.50'',106.0,8'10.00'',8.2,8.75,10.0,34.0,38.5,10.87,2.42,3.22,0.0,Sin_Dato,,,,,,,,,,,,,,,,,,,,Sin_Dato,Sin_Dato,Sin_Dato
2020-01-01,1629603,Mamadi,Diakite,Mamadi Diakite,PF,80.5,6'8.50'',82.2,6'10.25'',222.1,87.75,7'3.75'',107.0,8'11.00'',7.83,9.0,10.25,28.0,37.0,11.95,2.71,3.16,0.0,Sin_Dato,,,,,,,,,,,,,,,,,,,,Sin_Dato,Sin_Dato,Sin_Dato
2020-01-01,1629653,Devon,Dotson,Devon Dotson,PG,72.5,6'0.50'',73.7,6'1.75'',185.2,75.0,6'3.00'',95.0,7'11.00'',4.6,8.25,10.0,31.5,40.5,10.44,2.22,3.02,0.0,Sin_Dato,,,,,,,,,,,,,,,,,,,,Sin_Dato,Sin_Dato,Sin_Dato
2020-01-01,1630220,Paul,Eboua,Paul Eboua,SF-PF,78.0,6'6.00'',79.5,6'7.50'',222.2,87.5,7'3.50'',108.0,9'0.00'',3.8,9.0,10.25,33.0,35.5,10.79,2.44,3.19,0.0,Sin_Dato,,,,,,,,,,,,,,,,,,,,Sin_Dato,Sin_Dato,Sin_Dato
2020-01-01,1629604,CJ,Elleby,CJ Elleby,SG-SF,77.5,6'5.50'',78.2,6'6.25'',198.6,79.25,6'7.25'',100.5,8'4.50'',4.2,8.75,10.0,30.5,36.5,11.25,2.63,3.25,0.0,Sin_Dato,,,,,,,,,,,,,,,,,,,,Sin_Dato,Sin_Dato,Sin_Dato
2020-01-01,1630235,Trent,Forrest,Trent Forrest,PG,75.5,6'3.50'',76.7,6'4.75'',203,79.5,6'7.50'',102.5,8'6.50'',5.65,9.0,9.75,28.0,34.5,11.04,2.5,3.18,0.0,Sin_Dato,,,,,,,,,,,,,,,,,,,,Sin_Dato,Sin_Dato,Sin_Dato
2020-01-01,1630182,Josh,Green,Josh Green,SG-SF,76.5,6'4.50'',77.5,6'5.50'',214,81.75,6'9.75'',101.5,8'5.50'',6.8,8.0,8.75,30.5,39.5,10.64,2.28,3.12,0.0,Sin_Dato,,,,,,,,,,,,,,,,,,,,Sin_Dato,Sin_Dato,Sin_Dato
2020-01-01,1630204,Ashton,Hagans,Ashton Hagans,PG,73.5,6'1.50'',74.5,6'2.50'',193,80.0,6'8.00'',99.5,8'3.50'',4.1,9.0,9.0,29.5,36.5,10.82,2.5,3.13,0.0,Sin_Dato,,,,,,,,,,,,,,,,,,,,Sin_Dato,Sin_Dato,Sin_Dato
2020-01-01,1630221,Joshua,Hall,Joshua Hall,SF,78.0,6'6.00'',79.5,6'7.50'',196.6,83.0,6'11.00'',104.5,8'8.50'',7.6,8.75,9.5,31.5,37.5,12.16,2.62,3.38,0.0,Sin_Dato,,,,,,,,,,,,,,,,,,,,Sin_Dato,Sin_Dato,Sin_Dato
2020-01-01,1630223,Jalen,Harris,Jalen Harris,SG,74.75,6'2.75'',76.2,6'4.25'',193.4,79.0,6'7.00'',97.5,8'1.50'',4.4,8.25,9.5,37.5,42.5,10.59,2.49,3.11,0.0,Sin_Dato,,,,,,,,,,,,,,,,,,,,Sin_Dato,Sin_Dato,Sin_Dato
2020-01-01,1630210,Markus,Howard,Markus Howard,PG,69.5,5'9.50'',71.0,5'11.00'',170.8,72.25,6'0.25'',91.5,7'7.50'',9.91,8.5,7.75,30.5,35.5,11.21,3.17,3.11,0.0,Sin_Dato,,,,,,,,,,,,,,,,,,,,Sin_Dato,Sin_Dato,Sin_Dato
2020-01-01,1630190,Elijah,Hughes,Elijah Hughes,SF-SG,76.75,6'4.75'',78.5,6'6.50'',229,79.5,6'7.50'',101.5,8'5.50'',10.2,8.5,8.75,0.0,0.0,0.0,0.0,0.0,0.0,Sin_Dato,,,,,,,,,,,,,,,,,,,,Sin_Dato,Sin_Dato,Sin_Dato
2020-01-01,1630198,Isaiah,Joe,Isaiah Joe,SG,75.0,6'3.00'',76.5,6'4.50'',170.4,79.5,6'7.50'',101.0,8'5.00'',4.7,8.25,8.25,0.0,0.0,0.0,0.0,0.0,0.0,Sin_Dato,,,,,,,,,,,,,,,,,,,,Sin_Dato,Sin_Dato,Sin_Dato
2020-01-01,1630222,Mason,Jones,Mason Jones,SG,75.75,6'3.75'',77.7,6'5.75'',207.2,79.0,6'7.00'',102.5,8'6.50'',8.9,8.75,8.5,24.0,31.0,10.6,2.49,3.33,0.0,Sin_Dato,,,,,,,,,,,,,,,,,,,,Sin_Dato,Sin_Dato,Sin_Dato
2020-01-01,1630233,Nathan,Knight,Nathan Knight,PF-C,80.0,6'8.00'',81.7,6'9.75'',235,86.0,7'2.00'',109.5,9'1.50'',8.2,9.0,9.5,23.0,31.5,11.56,2.96,3.31,0.0,Sin_Dato,,,,,,,,,,,,,,,,,,,,Sin_Dato,Sin_Dato,Sin_Dato
2020-01-01,1630177,Theo,Maledon,Theo Maledon,PG,76.0,6'4.00'',77.0,6'5.00'',187.4,80.75,6'8.75'',100.5,8'4.50'',2.8,8.5,10.0,0.0,0.0,0.0,0.0,0.0,0.0,Sin_Dato,,,,,,,,,,,,,,,,,,,,Sin_Dato,Sin_Dato,Sin_Dato
2020-01-01,1630211,Karim,Mane,Karim Mane,PG-SG,77.0,6'5.00'',78.0,6'6.00'',196,83.0,6'11.00'',102.0,8'6.00'',3.73,8.5,9.75,31.0,36.0,11.52,2.64,3.04,0.0,Sin_Dato,,,,,,,,,,,,,,,,,,,,Sin_Dato,Sin_Dato,Sin_Dato
2020-01-01,1630230,Naji,Marshall,Naji Marshall,SF,77.75,6'5.75'',79.0,6'7.00'',233.5,84.75,7'0.75'',102.5,8'6.50'',8.7,9.25,10.5,28.5,35.0,11.77,2.9,3.37,0.0,Sin_Dato,,,,,,,,,,,,,,,,,,,,Sin_Dato,Sin_Dato,Sin_Dato
2020-01-01,1630231,Kenyon,Martin Jr.,Kenyon Martin Jr.,SF-PF,78.0,6'6.00'',79.0,6'7.00'',213.2,79.25,6'7.25'',102.0,8'6.00'',5.9,8.5,8.75,31.5,38.5,11.93,2.58,3.16,0.0,Sin_Dato,,,,,,,,,,,,,,,,,,,,Sin_Dato,Sin_Dato,Sin_Dato
2020-01-01,1630219,Skylar,Mays,Skylar Mays,SG,75.0,6'3.00'',76.0,6'4.00'',204,78.0,6'6.00'',99.0,8'3.00'',7.4,8.0,9.75,29.0,37.5,10.65,2.4,3.3,0.0,Sin_Dato,,,,,,,,,,,,,,,,,,,,Sin_Dato,Sin_Dato,Sin_Dato
2020-01-01,1630192,Zeke,Nnaji,Zeke Nnaji,PF-C,81.25,6'9.25'',82.5,6'10.50'',246.8,86.0,7'2.00'',105.5,8'9.50'',5.9,9.0,10.5,33.0,38.0,10.94,2.72,3.2,0.0,Sin_Dato,,,,,,,,,,,,,,,,,,,,Sin_Dato,Sin_Dato,Sin_Dato
2020-01-01,1629670,Jordan,Nwora,Jordan Nwora,SF-PF,77.75,6'5.75'',79.0,6'7.00'',223,82.25,6'10.25'',104.0,8'8.00'',11.68,8.5,9.25,29.0,35.0,11.29,2.66,3.43,0.0,Sin_Dato,,,,,,,,,,,,,,,,,,,,Sin_Dato,Sin_Dato,Sin_Dato
2020-01-01,1629617,Reggie,Perry,Reggie Perry,PF-C,80.25,6'8.25'',81.2,6'9.25'',249.6,84.25,7'0.25'',106.5,8'10.50'',8.4,9.25,11.0,30.0,33.5,11.26,2.57,3.25,0.0,Sin_Dato,,,,,,,,,,,,,,,,,,,,Sin_Dato,Sin_Dato,Sin_Dato
2020-01-01,1629619,Myles,Powell,Myles Powell,PG-SG,72.5,6'0.50'',73.5,6'1.50'',194,79.0,6'7.00'',99.0,8'3.00'',15.8,8.0,9.0,0.0,0.0,0.0,0.0,0.0,0.0,Sin_Dato,,,,,,,,,,,,,,,,,,,,Sin_Dato,Sin_Dato,Sin_Dato
2020-01-01,1630193,Immanuel,Quickley,Immanuel Quickley,SG,74.0,6'2.00'',75.0,6'3.00'',185.8,80.25,6'8.25'',99.0,8'3.00'',8.2,8.0,8.75,29.5,35.5,11.21,2.46,3.17,0.0,Sin_Dato,,,,,,,,,,,,,,,,,,,,Sin_Dato,Sin_Dato,Sin_Dato
2020-01-01,1630186,Jahmi'us,Ramsey,Jahmi'us Ramsey,SG,74.5,6'2.50'',75.7,6'3.75'',193.4,78.0,6'6.00'',100.5,8'4.50'',3.4,8.75,9.75,0.0,0.0,0.0,0.0,0.0,0.0,Sin_Dato,,,,,,,,,,,,,,,,,,,,Sin_Dato,Sin_Dato,Sin_Dato
2020-01-01,1630194,Paul,Reed Jr.,Paul Reed Jr.,PF,80.5,6'8.50'',81.2,6'9.25'',219.2,86.0,7'2.00'',109.5,9'1.50'',6.83,9.0,8.75,26.5,37.5,12.29,2.67,3.45,0.0,Sin_Dato,,,,,,,,,,,,,,,,,,,,Sin_Dato,Sin_Dato,Sin_Dato
2020-01-01,1630208,Nick,Richards,Nick Richards,C,82.5,6'10.50'',83.5,6'11.50'',241.6,86.25,7'2.25'',110.0,9'2.00'',8.5,9.0,9.0,30.0,34.0,11.42,2.92,3.25,0.0,Sin_Dato,,,,,,,,,,,,,,,,,,,,Sin_Dato,Sin_Dato,Sin_Dato
2020-01-01,1630203,Grant,Riller,Grant Riller,PG-SG,72.25,6'0.25'',73.0,6'1.00'',178.4,77.25,6'5.25'',96.5,8'0.50'',5.4,8.0,8.5,32.5,39.5,11.17,2.45,3.07,0.0,Sin_Dato,,,,,,,,,,,,,,,,,,,,Sin_Dato,Sin_Dato,Sin_Dato
2020-01-01,1630206,Jayden,Scrubb,Jayden Scrubb,SG-SF,77.0,6'5.00'',78.2,6'6.25'',185.2,81.5,6'9.50'',104.5,8'8.50'',3.7,8.25,9.75,0.0,0.0,0.0,0.0,0.0,0.0,Sin_Dato,,,,,,,,,,,,,,,,,,,,Sin_Dato,Sin_Dato,Sin_Dato
2020-01-01,1630188,Jalen,Smith,Jalen Smith,PF-C,81.25,6'9.25'',82.2,6'10.25'',224.6,86.25,7'2.25'',110.0,9'2.00'',3.7,9.25,9.25,0.0,0.0,0.0,0.0,0.0,0.0,Sin_Dato,,,,,,,,,,,,,,,,,,,,Sin_Dato,Sin_Dato,Sin_Dato
2020-01-01,1630199,Cassius,Stanley,Cassius Stanley,SG,77.0,6'5.00'',78.2,6'6.25'',201.6,79.0,6'7.00'',99.5,8'3.50'',5.8,8.25,9.0,34.5,44.0,11.4,2.43,3.09,0.0,Sin_Dato,,,,,,,,,,,,,,,,,,,,Sin_Dato,Sin_Dato,Sin_Dato
2020-01-01,1630205,Lamar,Stevens,Lamar Stevens,SF-PF,77.75,6'5.75'',78.7,6'6.75'',228,81.0,6'9.00'',101.0,8'5.00'',6.8,8.5,9.75,35.0,41.0,10.35,2.54,3.2,0.0,Sin_Dato,,,,,,,,,,,,,,,,,,,,Sin_Dato,Sin_Dato,Sin_Dato
2020-01-01,1630191,Isaiah,Stewart,Isaiah Stewart,C,79.25,6'7.25'',80.5,6'8.50'',243,88.75,7'4.75'',108.5,9'0.50'',7.5,9.0,10.5,0.0,0.0,0.0,0.0,0.0,0.0,Sin_Dato,,,,,,,,,,,,,,,,,,,,Sin_Dato,Sin_Dato,Sin_Dato
2020-01-01,1630179,Tyrell,Terry,Tyrell Terry,PG,73.5,6'1.50'',75.0,6'3.00'',170,73.75,6'1.75'',96.0,8'0.00'',7.6,7.5,8.25,30.0,34.0,10.78,2.59,3.28,0.0,Sin_Dato,,,,,,,,,,,,,,,,,,,,Sin_Dato,Sin_Dato,Sin_Dato
2020-01-01,1629681,Killian,Tillie,Killian Tillie,PF,80.75,6'8.75'',82.0,6'10.00'',221.6,80.0,6'8.00'',106.0,8'10.00'',12.43,8.25,9.25,27.5,32.0,11.6,2.62,3.4,0.0,Sin_Dato,,,,,,,,,,,,,,,,,,,,Sin_Dato,Sin_Dato,Sin_Dato
2020-01-01,1630214,Xavier,Tillman Sr.,Xavier Tillman Sr.,PF-C,79.5,6'7.50'',80.5,6'8.50'',266.5,86.0,7'2.00'',106.0,8'10.00'',8.5,10.25,11.0,26.0,32.5,11.8,3.01,3.49,0.0,Sin_Dato,,,,,,,,,,,,,,,,,,,,Sin_Dato,Sin_Dato,Sin_Dato
2020-01-01,1629700,Kaleb,Wesson,Kaleb Wesson,C,81.25,6'9.25'',82.2,6'10.25'',252.6,87.5,7'3.50'',111.5,9'3.50'',12.5,9.0,10.75,21.5,27.0,11.73,2.64,3.6,0.0,Sin_Dato,,,,,,,,,,,,,,,,,,,,Sin_Dato,Sin_Dato,Sin_Dato
2020-01-01,1630232,Kahlil,Whitney,Kahlil Whitney,SF,77.5,6'5.50'',79.0,6'7.00'',205,84.25,7'0.25'',105.5,8'9.50'',5.3,9.25,10.25,29.0,39.0,11.17,2.61,3.28,0.0,Sin_Dato,,,,,,,,,,,,,,,,,,,,Sin_Dato,Sin_Dato,Sin_Dato
2020-01-01,1630216,Cassius,Winston,Cassius Winston,PG,72.5,6'0.50'',73.5,6'1.50'',196,78.0,6'6.00'',97.0,8'1.00'',9.0,8.75,8.25,24.0,28.0,11.15,2.74,3.61,0.0,Sin_Dato,,,,,,,,,,,,,,,,,,,,Sin_Dato,Sin_Dato,Sin_Dato
2020-01-01,1630218,Robert,Woodard II,Robert Woodard II,SF,77.5,6'5.50'',79.0,6'7.00'',230.2,86.0,7'2.00'',105.5,8'9.50'',4.5,9.0,10.75,32.0,38.0,11.1,2.49,3.18,0.0,Sin_Dato,,,,,,,,,,,,,,,,,,,,Sin_Dato,Sin_Dato,Sin_Dato
2021-01-01,1630546,Max,Abmas,Max Abmas,PG,70.5,5'10.5'',71.75,5'11.75'',161.80,73.75,6'1.75'',94.0,7'10.0'',5.5,8.0,7.75,28.5,32.5,10.9,3.49,3.12,0.0,Sin_Dato,,,,,21-25,,,,,,,,,,,,,23-30,,Sin_Dato,Sin_Dato,12-25
2021-01-01,1630534,Ochai,Agbaji,Ochai Agbaji,SG,76.5,6'4.5'',77.5,6'5.5'',214.40,82.0,6'10.0'',103.5,8'7.5'',4.15,9.0,8.75,32.0,41.5,10.88,3.1,3.13,0.0,Sin_Dato,,,,,15-25,,,,,,,,,,,,,21-30,,Sin_Dato,Sin_Dato,11-25
2021-01-01,1630542,Marcus,Bagley,Marcus Bagley,SF,78.0,6'6.0'',79.75,6'7.75'',216.80,83.0,6'11.0'',102.5,8'6.5'',7.5,8.75,8.5,32.5,38.5,12.26,3.1,3.17,0.0,Sin_Dato,,,,,,,,,,,,,,,,,,,,Sin_Dato,Sin_Dato,Sin_Dato
2021-01-01,1630567,Scottie,Barnes,Scottie Barnes,SF,79.0,6'7.0'',80.0,6'8.0'',225.40,86.75,7'2.75'',108.0,9'0.0'',5.3,9.25,10.25,36.0,39.5,10.88,2.99,3.15,0.0,Sin_Dato,,,,,,,,,,,,,,,,,,,,Sin_Dato,Sin_Dato,Sin_Dato
2021-01-01,1629646,Charles,Bassey,Charles Bassey,C,81.25,6'9.25'',82.25,6'10.25'',230.20,87.0,7'3.0'',107.5,8'11.5'',5.9,9.0,9.5,33.0,36.0,12.19,3.33,3.13,0.0,Sin_Dato,,,,,,,,,,,,,,,,,,,,Sin_Dato,Sin_Dato,Sin_Dato
2021-01-01,1630527,Brandon,Boston Jr.,Brandon Boston Jr.,SF,77.75,6'5.75'',79.0,6'7.0'',188.00,82.75,6'10.75'',104.0,8'8.0'',6.0,9.0,9.75,0.0,0.0,0.0,0.0,0.0,0.0,Sin_Dato,,,,,0-25,,,,,,,,,,,,,,,Sin_Dato,Sin_Dato,Sin_Dato
2021-01-01,1630547,James,Bouknight,James Bouknight,SG,75.5,6'3.5'',76.75,6'4.75'',190.00,80.25,6'8.25'',101.5,8'5.5'',5.5,8.75,9.0,0.0,0.0,0.0,0.0,0.0,0.0,Sin_Dato,,,,,,,,,,,,,,,,,,,,Sin_Dato,Sin_Dato,Sin_Dato
2021-01-01,1630535,Greg,Brown III,Greg Brown III,PF,79.25,6'7.25'',80.5,6'8.5'',206.40,84.25,7'0.25'',107.0,8'11.0'',5.5,9.0,9.75,33.5,39.0,10.98,2.98,3.19,0.0,Sin_Dato,,,,,9-25,,,,,,,,,,,,,15-30,,Sin_Dato,Sin_Dato,Sin_Dato
2021-01-01,1630215,Jared,Butler,Jared Butler,PG,74.25,6'2.25'',75.75,6'3.75'',193.00,76.0,6'4.0'',98.5,8'2.5'',5.1,8.5,8.25,0.0,0.0,0.0,0.0,0.0,0.0,Sin_Dato,,,,,,,,,,,,,,,,,,,,Sin_Dato,Sin_Dato,Sin_Dato
2021-01-01,1630577,Julian,Champagnie,Julian Champagnie,SF,78.5,6'6.5'',79.5,6'7.5'',217.40,82.0,6'10.0'',106.5,8'10.5'',8.0,9.0,8.5,26.0,32.0,12.38,3.2,3.2,0.0,Sin_Dato,,,,,14-25,,,,,,,,,,,,,15-30,,Sin_Dato,Sin_Dato,19-25
2021-01-01,1630551,Justin,Champagnie,Justin Champagnie,PF,77.75,6'5.75'',78.75,6'6.75'',206.40,81.5,6'9.5'',104.0,8'8.0'',6.3,8.75,8.5,27.0,35.0,11.94,3.14,3.34,0.0,Sin_Dato,,,,,18-25,,,,,,,,,,,,,17-30,,Sin_Dato,Sin_Dato,9-25
2021-01-01,1630528,Josh,Christopher,Josh Christopher,SG,75.25,6'3.25'',76.5,6'4.5'',214.80,81.25,6'9.25'',101.0,8'5.0'',5.8,8.75,8.5,29.5,37.5,11.32,3.3,3.14,0.0,Sin_Dato,,,,,16-25,,,,,,,,,,,,,23-30,,Sin_Dato,Sin_Dato,11-25
2021-01-01,1630536,Sharife,Cooper,Sharife Cooper,PG,0.0,Sin_Dato,0.0,Sin_Dato,Sin_Dato,0.0,Sin_Dato,0.0,Sin_Dato,Sin_Dato,Sin_Dato,Sin_Dato,0.0,0.0,0.0,0.0,0.0,0.0,Sin_Dato,,,,,,,,,,,,,,,,,,,,Sin_Dato,Sin_Dato,Sin_Dato
2021-01-01,1630595,Cade,Cunningham,Cade Cunningham,PG,0.0,Sin_Dato,0.0,Sin_Dato,Sin_Dato,0.0,Sin_Dato,0.0,Sin_Dato,Sin_Dato,Sin_Dato,Sin_Dato,0.0,0.0,0.0,0.0,0.0,0.0,Sin_Dato,,,,,,,,,,,,,,,,,,,,Sin_Dato,Sin_Dato,Sin_Dato
2021-01-01,1630245,Ayo,Dosunmu,Ayo Dosunmu,SG,75.5,6'3.5'',77.0,6'5.0'',194.40,82.25,6'10.25'',102.0,8'6.0'',4.9,8.5,8.75,27.0,33.5,11.51,3.27,3.23,0.0,Sin_Dato,,,,,,,,,,,,,,,,,,,,Sin_Dato,Sin_Dato,Sin_Dato
2021-01-01,1630561,David,Duke Jr.,David Duke Jr.,SG,76.25,6'4.25'',77.5,6'5.5'',203.60,80.75,6'8.75'',102.5,8'6.5'',5.9,8.5,9.0,30.0,39.0,11.21,3.19,3.08,0.0,Sin_Dato,,,,,11-25,,,,,,,,,,,,,12-30,,Sin_Dato,Sin_Dato,8-25
2021-01-01,1630556,Kessler,Edwards,Kessler Edwards,PF,79.0,6'7.0'',80.0,6'8.0'',203.00,83.25,6'11.25'',106.0,8'10.0'',4.3,8.5,8.25,28.0,37.0,11.3,3.38,3.25,0.0,Sin_Dato,,,,,16-25,,,,,,,,,,,,,19-30,,Sin_Dato,Sin_Dato,12-25
2021-01-01,1630568,Luka,Garza,Luka Garza,C,82.0,6'10.0'',83.25,6'11.25'',242.80,85.5,7'1.5'',107.5,8'11.5'',11.7,9.0,9.25,24.0,29.5,11.9,3.38,3.51,0.0,Sin_Dato,,,,,17-25,,,,,,,,,,,,,19-30,,Sin_Dato,Sin_Dato,17-25
2021-01-01,1630564,RaiQuan,Gray,RaiQuan Gray,PF,78.5,6'6.5'',79.75,6'7.75'',268.60,82.75,6'10.75'',105.0,8'9.0'',17.3,9.25,9.0,26.5,31.5,11.69,3.3,3.25,0.0,Sin_Dato,,,,,8-25,,,,,,,,,,,,,15-30,,Sin_Dato,Sin_Dato,9-25
2021-01-01,1630224,Jalen,Green,Jalen Green,SG,0.0,Sin_Dato,0.0,Sin_Dato,Sin_Dato,0.0,Sin_Dato,0.0,Sin_Dato,Sin_Dato,Sin_Dato,Sin_Dato,0.0,0.0,0.0,0.0,0.0,0.0,Sin_Dato,,,,,,,,,,,,,,,,,,,,Sin_Dato,Sin_Dato,Sin_Dato
2021-01-01,1629656,Quentin,Grimes,Quentin Grimes,SG,76.0,6'4.0'',77.25,6'5.25'',205.00,80.0,6'8.0'',101.0,8'5.0'',6.6,8.5,10.0,30.5,38.5,11.09,3.33,3.07,0.0,Sin_Dato,,,,,16-25,,,,,,,,,,,,,22-30,,Sin_Dato,Sin_Dato,16-25
2021-01-01,1630573,Sam,Hauser,Sam Hauser,SF,78.75,6'6.75'',80.0,6'8.0'',217.40,81.25,6'9.25'',102.0,8'6.0'',7.9,8.25,9.0,28.5,34.5,11.14,3.07,3.34,0.0,Sin_Dato,,,,,19-25,,,,,,,,,,,,,28-30,,Sin_Dato,Sin_Dato,14-25
2021-01-01,1630565,Aaron,Henry,Aaron Henry,SF,76.5,6'4.5'',78.0,6'6.0'',209.60,82.75,6'10.75'',103.5,8'7.5'',5.6,8.5,9.25,29.0,35.0,11.68,3.18,3.07,0.0,Sin_Dato,,,,,,,,,,,,,,,,,,,,Sin_Dato,Sin_Dato,Sin_Dato
2021-01-01,1630574,Ariel,Hukporti,Ariel Hukporti,C,82.75,6'10.75'',84.0,7'0.0'',246.00,86.5,7'2.5'',111.5,9'3.5'',8.1,9.5,9.5,24.5,31.0,12.2,3.53,3.12,0.0,Sin_Dato,,,,,11-25,,,,,,,,,,,,,15-30,,Sin_Dato,Sin_Dato,12-25
2021-01-01,1630562,Matt,Hurt,Matt Hurt,PF,80.5,6'8.5'',81.5,6'9.5'',232.40,81.5,6'9.5'',106.5,8'10.5'',15.2,9.0,9.0,25.5,32.5,11.44,3.25,3.34,0.0,Sin_Dato,,,,,22-25,,,,,,,,,,,,,18-30,,Sin_Dato,Sin_Dato,12-25
2021-01-01,1630538,Nah'Shon,Hyland,Nah'Shon Hyland,SG,74.0,6'2.0'',75.5,6'3.5'',169.00,81.25,6'9.25'',101.5,8'5.5'',5.8,8.75,9.0,26.5,34.0,10.53,3.17,3.1,0.0,Sin_Dato,,,,,,,,,,,,,,,,,,,,Sin_Dato,Sin_Dato,Sin_Dato
2021-01-01,1630543,Isaiah,Jackson,Isaiah Jackson,C,0.0,Sin_Dato,0.0,Sin_Dato,Sin_Dato,0.0,Sin_Dato,0.0,Sin_Dato,Sin_Dato,Sin_Dato,Sin_Dato,0.0,0.0,0.0,0.0,0.0,0.0,Sin_Dato,,,,,,,,,,,,,,,,,,,,Sin_Dato,Sin_Dato,Sin_Dato
2021-01-01,1630525,David,Johnson,David Johnson,SG,75.25,6'3.25'',76.75,6'4.75'',202.80,82.5,6'10.5'',104.0,8'8.0'',7.5,8.25,8.5,33.0,39.0,12.02,3.2,3.03,0.0,Sin_Dato,,,,,,,,,,,,,,,,,,,,Sin_Dato,Sin_Dato,Sin_Dato
2021-01-01,1630552,Jalen,Johnson,Jalen Johnson,PF,79.75,6'7.75'',81.25,6'9.25'',209.60,84.25,7'0.25'',106.0,8'10.0'',4.5,9.75,10.5,0.0,0.0,0.0,0.0,0.0,0.0,Sin_Dato,,,,,,,,,,,,,,,,,,,,Sin_Dato,Sin_Dato,Sin_Dato
2021-01-01,1630553,Keon,Johnson,Keon Johnson,SG,75.5,6'3.5'',76.75,6'4.75'',184.80,79.25,6'7.25'',97.0,8'1.0'',4.4,8.5,9.0,41.5,48.0,11.45,3.2,3.0,0.0,Sin_Dato,,,,,,,,,,,,,,,,,,,,Sin_Dato,Sin_Dato,Sin_Dato
2021-01-01,1630637,Carlik,Jones,Carlik Jones,PG,72.0,6'0.0'',73.0,6'1.0'',173.60,77.0,6'5.0'',97.5,8'1.5'',4.5,8.25,9.0,31.5,36.0,10.96,3.23,3.16,0.0,Sin_Dato,,,,,19-25,,,,,,,,,,,,,25-30,,Sin_Dato,Sin_Dato,14-25
2021-01-01,1630539,Kai,Jones,Kai Jones,PF,82.0,6'10.0'',83.5,6'11.5'',221.40,85.75,7'1.75'',110.5,9'2.5'',4.7,9.0,9.5,0.0,0.0,0.0,0.0,0.0,0.0,Sin_Dato,,,,,,,,,,,,,,,,,,,,Sin_Dato,Sin_Dato,Sin_Dato
2021-01-01,1630529,Herbert,Jones,Herbert Jones,SF,78.0,6'6.0'',79.25,6'7.25'',206.40,84.25,7'0.25'',106.0,8'10.0'',5.8,8.5,9.0,28.5,36.5,11.02,3.17,3.25,0.0,Sin_Dato,,,,,12-25,,,,,,,,,,,,,15-30,,Sin_Dato,Sin_Dato,8-25
2021-01-01,1630548,Johnny,Juzang,Johnny Juzang,SG,77.5,6'5.5'',79.0,6'7.0'',209.00,82.5,6'10.5'',100.5,8'4.5'',8.0,8.5,9.5,31.0,36.5,11.13,3.08,3.13,0.0,Sin_Dato,,,,,17-25,,,,,,,,,,,,,24-30,,Sin_Dato,Sin_Dato,17-25
2021-01-01,1630557,Corey,Kispert,Corey Kispert,SF,78.0,6'6.0'',79.25,6'7.25'',223.80,79.0,6'7.0'',102.0,8'6.0'',6.8,8.75,10.0,30.0,37.5,10.91,2.99,3.12,0.0,Sin_Dato,,,,,,,,,,,,,,,,,,,,Sin_Dato,Sin_Dato,Sin_Dato
2021-01-01,1630228,Jonathan,Kuminga,Jonathan Kuminga,SF,0.0,Sin_Dato,0.0,Sin_Dato,Sin_Dato,0.0,Sin_Dato,0.0,Sin_Dato,Sin_Dato,Sin_Dato,Sin_Dato,0.0,0.0,0.0,0.0,0.0,0.0,Sin_Dato,,,,,,,,,,,,,,,,,,,,Sin_Dato,Sin_Dato,Sin_Dato
2021-01-01,1630639,AJ,Lawson,AJ Lawson,SG-SF,77.5,6'5.5'',78.75,6'6.75'',179.20,78.75,6'6.75'',99.5,8'3.5'',4.4,8.5,9.25,33.0,41.0,11.0,3.01,2.98,0.0,Sin_Dato,,,,,15-25,,,,,,,,,,,,,19-30,,Sin_Dato,Sin_Dato,16-25
2021-01-01,1630575,Scottie,Lewis,Scottie Lewis,SF,76.0,6'4.0'',77.25,6'5.25'',187.60,84.0,7'0.0'',101.5,8'5.5'',4.7,8.75,9.75,34.0,42.0,10.45,3.03,2.98,0.0,Sin_Dato,,,,,,,,,,,,,,,,,,,,Sin_Dato,Sin_Dato,Sin_Dato
2021-01-01,1630587,Isaiah,Livers,Isaiah Livers,SF,77.75,6'5.75'',79.25,6'7.25'',231.80,81.25,6'9.25'',104.5,8'8.5'',9.4,9.0,9.5,0.0,0.0,0.0,0.0,0.0,0.0,Sin_Dato,,,,,,,,,,,,,,,,,,,,Sin_Dato,Sin_Dato,Sin_Dato
2021-01-01,1630588,Makur,Maker,Makur Maker,C,82.25,6'10.25'',83.25,6'11.25'',232.20,85.75,7'1.75'',112.0,9'4.0'',14.5,8.75,9.5,25.5,31.0,11.87,3.28,3.34,0.0,Sin_Dato,,,,,16-25,,,,,,,,,,,,,22-30,,Sin_Dato,Sin_Dato,17-25
2021-01-01,1630572,Sandro,Mamukelashvili,Sandro Mamukelashvili,C,81.0,6'9.0'',82.0,6'10.0'',239.80,85.25,7'1.25'',106.5,8'10.5'',7.8,9.0,9.5,30.5,36.5,11.63,3.3,3.21,0.0,Sin_Dato,,,,,19-25,,,,,,,,,,,,,17-30,,Sin_Dato,Sin_Dato,15-25
2021-01-01,1630544,Tre,Mann,Tre Mann,PG,75.25,6'3.25'',76.25,6'4.25'',177.60,76.0,6'4.0'',98.5,8'2.5'',4.1,8.0,9.0,0.0,0.0,0.0,0.0,0.0,0.0,Sin_Dato,,,,,,,,,,,,,,,,,,,,Sin_Dato,Sin_Dato,Sin_Dato
2021-01-01,1630571,Matthew,Mayer,Matthew Mayer,PF,0.0,Sin_Dato,0.0,Sin_Dato,Sin_Dato,0.0,Sin_Dato,0.0,Sin_Dato,Sin_Dato,Sin_Dato,Sin_Dato,0.0,0.0,0.0,0.0,0.0,0.0,Sin_Dato,,,,,,,,,,,,,,,,,,,,Sin_Dato,Sin_Dato,Sin_Dato
2021-01-01,1630540,Miles,McBride,Miles McBride,PG,73.0,6'1.0'',74.5,6'2.5'',195.20,80.75,6'8.75'',99.5,8'3.5'',6.0,9.0,9.5,31.0,38.5,11.08,3.13,3.1,0.0,Sin_Dato,,,,,17-25,,,,,,,,,,,,,19-30,,Sin_Dato,Sin_Dato,13-25
2021-01-01,1630558,Davion,Mitchell,Davion Mitchell,PG,72.0,6'0.0'',73.25,6'1.25'',202.40,76.25,6'4.25'',96.5,8'0.5'',6.2,8.25,8.75,0.0,0.0,0.0,0.0,0.0,0.0,Sin_Dato,,,,,,,,,,,,,,,,,,,,Sin_Dato,Sin_Dato,Sin_Dato
2021-01-01,1630596,Evan,Mobley,Evan Mobley,PF,0.0,Sin_Dato,0.0,Sin_Dato,Sin_Dato,0.0,Sin_Dato,0.0,Sin_Dato,Sin_Dato,Sin_Dato,Sin_Dato,0.0,0.0,0.0,0.0,0.0,0.0,Sin_Dato,,,,,,,,,,,,,,,,,,,,Sin_Dato,Sin_Dato,Sin_Dato
2021-01-01,1630600,Isaiah,Mobley,Isaiah Mobley,PF,80.0,6'8.0'',81.75,6'9.75'',238.00,87.0,7'3.0'',107.5,8'11.5'',12.9,9.0,10.0,26.5,32.0,12.7,3.5,3.3,0.0,Sin_Dato,,,,,16-25,,,,,,,,,,,,,24-30,,Sin_Dato,Sin_Dato,14-25
2021-01-01,1630541,Moses,Moody,Moses Moody,SG,76.5,6'4.5'',78.0,6'6.0'',210.60,84.75,7'0.75'',105.0,8'9.0'',6.8,9.0,10.0,0.0,0.0,0.0,0.0,0.0,0.0,Sin_Dato,,,,,,,,,,,,,,,,,,,,Sin_Dato,Sin_Dato,Sin_Dato
2021-01-01,1630530,Trey,Murphy III,Trey Murphy III,SF,79.5,6'7.5'',81.25,6'9.25'',206.00,84.0,7'0.0'',105.5,8'9.5'',8.1,8.5,9.0,34.0,38.0,11.65,3.32,3.14,0.0,Sin_Dato,,,,,,,,,,,,,,,,,,,,Sin_Dato,Sin_Dato,Sin_Dato
2021-01-01,1630227,Daishen,Nix,Daishen Nix,PG,75.0,6'3.0'',76.25,6'4.25'',225.60,78.75,6'6.75'',100.0,8'4.0'',11.8,8.5,9.0,29.5,36.5,11.72,3.18,3.0,0.0,Sin_Dato,,,,,15-25,,,,,,,,,,,,,,,Sin_Dato,Sin_Dato,12-25
2021-01-01,1630566,John,Petty Jr.,John Petty Jr.,SG,76.5,6'4.5'',77.75,6'5.75'',186.20,81.5,6'9.5'',103.5,8'7.5'',5.6,8.5,9.0,27.5,34.0,11.51,3.17,3.35,0.0,Sin_Dato,,,,,,,,,,,,,,,,,,,,Sin_Dato,Sin_Dato,Sin_Dato
2021-01-01,1630582,Yves,Pons,Yves Pons,PF,77.5,6'5.5'',78.75,6'6.75'',206.40,84.75,7'0.75'',104.0,8'8.0'',4.0,9.0,9.25,36.0,42.5,10.89,3.05,3.1,0.0,Sin_Dato,,,,,15-25,,,,,,,,,,,,,18-30,,Sin_Dato,Sin_Dato,19-25
2021-01-01,1630554,Jason,Preston,Jason Preston,PG,75.0,6'3.0'',76.0,6'4.0'',180.60,80.5,6'8.5'',100.5,8'4.5'',5.45,8.5,9.25,30.5,38.5,10.82,3.08,3.13,0.0,Sin_Dato,,,,,13-25,,,,,,,,,,,,,14-30,,Sin_Dato,Sin_Dato,11-25
2021-01-01,1630563,Joshua,Primo,Joshua Primo,SG,76.0,6'4.0'',77.0,6'5.0'',189.00,81.25,6'9.25'',102.5,8'6.5'',6.3,9.0,10.0,30.5,37.5,10.97,3.36,3.22,0.0,Sin_Dato,,,,,12-25,,,,,,,,,,,,,16-30,,Sin_Dato,Sin_Dato,14-25
2021-01-01,1630576,Roko,Prkacin,Roko Prkacin,PF,79.5,6'7.5'',81.25,6'9.25'',225.40,83.0,6'11.0'',107.0,8'11.0'',7.0,8.75,9.25,0.0,0.0,0.0,0.0,0.0,0.0,Sin_Dato,,,,,,,,,,,,,,,,,,,,Sin_Dato,Sin_Dato,Sin_Dato
2021-01-01,1629674,Neemias,Queta,Neemias Queta,C,83.25,6'11.25'',84.5,7'0.5'',248.40,88.0,7'4.0'',112.5,9'4.5'',7.6,9.25,10.5,27.0,33.0,11.85,3.5,3.29,0.0,Sin_Dato,,,,,9-25,,,,,,,,,,,,,20-30,,Sin_Dato,Sin_Dato,10-25
2021-01-01,1630559,Austin,Reaves,Austin Reaves,SG,76.5,6'4.5'',77.75,6'5.75'',197.20,78.25,6'6.25'',101.0,8'5.0'',11.0,8.0,8.25,25.0,35.0,10.94,3.19,3.07,0.0,Sin_Dato,,,,,19-25,,,,,,,,,,,,,17-30,,Sin_Dato,Sin_Dato,13-25
2021-01-01,1630526,Jeremiah,Robinson-Earl,Jeremiah Robinson-Earl,PF,79.75,6'7.75'',81.0,6'9.0'',242.40,81.75,6'9.75'',105.5,8'9.5'',8.9,9.0,9.75,27.0,32.0,11.64,3.15,3.29,0.0,Sin_Dato,,,,,15-25,,,,,,,,,,,,,17-30,,Sin_Dato,Sin_Dato,12-25
2021-01-01,1630545,Terrence,Shannon Jr.,Terrence Shannon Jr.,SF,77.5,6'5.5'',78.5,6'6.5'',206.60,80.25,6'8.25'',100.0,8'4.0'',6.7,8.0,8.0,32.5,39.5,11.51,3.12,3.21,0.0,Sin_Dato,,,,,16-25,,,,,,,,,,,,,21-30,,Sin_Dato,Sin_Dato,16-25
2021-01-01,1630549,Day'Ron,Sharpe,Day'Ron Sharpe,C,0.0,Sin_Dato,0.0,Sin_Dato,Sin_Dato,0.0,Sin_Dato,0.0,Sin_Dato,Sin_Dato,Sin_Dato,Sin_Dato,0.0,0.0,0.0,0.0,0.0,0.0,Sin_Dato,,,,,,,,,,,,,,,,,,,,Sin_Dato,Sin_Dato,Sin_Dato
2021-01-01,1630579,Jericho,Sims,Jericho Sims,C,81.0,6'9.0'',82.0,6'10.0'',250.20,87.25,7'3.25'',106.0,8'10.0'',5.5,9.0,9.75,37.0,44.5,11.59,3.38,3.05,0.0,Sin_Dato,,,,,9-25,,,,,,,,,,,,,15-30,,Sin_Dato,Sin_Dato,12-25
2021-01-01,1630531,Jaden,Springer,Jaden Springer,SG,75.0,6'3.0'',76.25,6'4.25'',202.00,79.75,6'7.75'',99.0,8'3.0'',6.3,8.5,9.75,34.5,41.5,11.46,3.1,3.13,0.0,Sin_Dato,,,,,,,,,,,,,,,,,,,,Sin_Dato,Sin_Dato,Sin_Dato
2021-01-01,1630569,DJ,Steward,DJ Steward,PG,72.75,6'0.75'',73.75,6'1.75'',162.20,79.0,6'7.0'',98.5,8'2.5'',5.0,8.5,9.0,34.5,38.5,11.14,3.1,3.08,0.0,Sin_Dato,,,,,14-25,,,,,,,,,,,,,17-30,,Sin_Dato,Sin_Dato,14-25
2021-01-01,1630560,Cam,Thomas,Cam Thomas,SG,0.0,Sin_Dato,0.0,Sin_Dato,Sin_Dato,0.0,Sin_Dato,0.0,Sin_Dato,Sin_Dato,Sin_Dato,Sin_Dato,0.0,0.0,0.0,0.0,0.0,0.0,Sin_Dato,,,,,,,,,,,,,,,,,,,,Sin_Dato,Sin_Dato,Sin_Dato
2021-01-01,1630550,JT,Thor,JT Thor,PF,80.5,6'8.5'',81.25,6'9.25'',203.00,87.25,7'3.25'',110.0,9'2.0'',6.1,9.25,9.5,31.5,35.0,12.19,3.08,3.06,0.0,Sin_Dato,,,,,12-25,,,,,,,,,,,,,19-30,,Sin_Dato,Sin_Dato,15-25
2021-01-01,1630225,Isaiah,Todd,Isaiah Todd,PF,80.75,6'8.75'',82.0,6'10.0'',219.00,85.25,7'1.25'',107.5,8'11.5'',6.2,9.0,9.75,28.5,35.5,11.38,3.25,3.31,0.0,Sin_Dato,,,,,10-25,,,,,,,,,,,,,17-30,,Sin_Dato,Sin_Dato,10-25
2021-01-01,1630613,Duane,Washington Jr.,Duane Washington Jr.,SG,74.25,6'2.25'',75.75,6'3.75'',196.80,79.75,6'7.75'',101.0,8'5.0'',5.1,8.25,8.75,29.5,35.5,11.5,3.06,3.17,0.0,Sin_Dato,,,,,15-25,,,,,,,,,,,,,21-30,,Sin_Dato,Sin_Dato,15-25
2021-01-01,1630570,Trendon,Watford,Trendon Watford,PF,79.5,6'7.5'',80.75,6'8.75'',237.40,86.25,7'2.25'',105.0,8'9.0'',10.1,9.5,9.5,28.0,35.0,11.69,3.23,3.27,0.0,Sin_Dato,,,,,9-25,,,,,,,,,,,,,15-30,,Sin_Dato,Sin_Dato,12-25
2021-01-01,1630580,Joe,Wieskamp,Joe Wieskamp,SF,77.75,6'5.75'',79.25,6'7.25'',204.80,83.0,6'11.0'',103.0,8'7.0'',4.1,8.5,9.25,30.0,42.0,10.7,3.18,3.04,0.0,Sin_Dato,,,,,17-25,,,,,,,,,,,,,21-30,,Sin_Dato,Sin_Dato,12-25
2021-01-01,1630598,Aaron,Wiggins,Aaron Wiggins,SG-SF,76.5,6'4.5'',77.0,6'5.0'',190.00,81.75,6'9.75'',103.0,8'7.0'',5.0,8.75,8.5,29.5,36.0,11.2,3.0,3.04,0.0,Sin_Dato,,,,,19-25,,,,,,,,,,,,,18-30,,Sin_Dato,Sin_Dato,16-25
2021-01-01,1630533,Ziaire,Williams,Ziaire Williams,SF,80.25,6'8.25'',81.75,6'9.75'',188.40,82.25,6'10.25'',106.5,8'10.5'',4.4,9.0,8.75,34.0,39.5,10.69,3.04,3.12,0.0,Sin_Dato,,,,,,,,,,,,,,,,,,,,Sin_Dato,Sin_Dato,Sin_Dato
2021-01-01,1630589,Moses,Wright,Moses Wright,PF,79.75,6'7.75'',81.0,6'9.0'',225.80,84.75,7'0.75'',107.0,8'11.0'',5.6,9.0,9.5,31.5,38.0,11.2,3.42,3.15,0.0,Sin_Dato,,,,,7-25,,,,,,,,,,,,,11-30,,Sin_Dato,Sin_Dato,7-25
2021-01-01,1630593,McKinley,Wright IV,McKinley Wright IV,PG,71.25,5'11.25'',72.25,6'0.25'',192.20,77.25,6'5.25'',94.0,7'10.0'',6.7,8.5,9.0,31.5,38.0,10.76,3.12,3.08,0.0,Sin_Dato,,,,,13-25,,,,,,,,,,,,,22-30,,Sin_Dato,Sin_Dato,14-25
2021-01-01,1630681,Marcus,Zegarowski,Marcus Zegarowski,PG,72.75,6'0.75'',74.0,6'2.0'',180.80,74.75,6'2.75'',96.0,8'0.0'',7.2,8.0,9.5,30.0,35.5,11.47,3.26,3.11,0.0,Sin_Dato,,,,,15-25,,,,,,,,,,,,,24-30,,Sin_Dato,Sin_Dato,16-25
2022-01-01,1630534,Ochai,Agbaji,Ochai Agbaji,SG,76.5,6' 4.50'',77.75,6' 5.75'',216.80,82.25,6' 10.25'',104.0,8' 8.00'',5.4,8.75,9.5,32.0,39.0,10.77,3.11,3.13,0.0,Sin_Dato,,,,,,,,,,,,,,,,,,,,Sin_Dato,Sin_Dato,Sin_Dato
2022-01-01,1631116,Patrick,Baldwin Jr.,Patrick Baldwin Jr.,SF,81.25,6' 9.25'',82.25,6' 10.25'',230.80,85.75,7' 1.75'',110.5,9' 2.50'',8.9,8.75,9.5,23.5,26.5,12.25,3.3,3.45,0.0,Sin_Dato,,,,,15-25,,,,,,,,,,,,,18-30,,Sin_Dato,Sin_Dato,12-25
2022-01-01,1631094,Paolo,Banchero,Paolo Banchero,PF,0.0,Sin_Dato,0.0,Sin_Dato,Sin_Dato,0.0,Sin_Dato,0.0,Sin_Dato,Sin_Dato,Sin_Dato,Sin_Dato,0.0,0.0,0.0,0.0,0.0,0.0,Sin_Dato,,,,,,,,,,,,,,,,,,,,Sin_Dato,Sin_Dato,Sin_Dato
2022-01-01,1631230,Dominick,Barlow,Dominick Barlow,PF,80.75,6' 8.75'',81.75,6' 9.75'',221.00,87.0,7' 3.00'',108.5,9' 0.50'',5.9,9.0,10.5,28.5,34.0,11.29,3.19,3.33,0.0,Sin_Dato,,,,,14-25,,,,,,,,,,,,,18-30,,Sin_Dato,Sin_Dato,9-25
2022-01-01,1630699,MarJon,Beauchamp,MarJon Beauchamp,SG,77.25,6' 5.25'',78.5,6' 6.50'',196.60,84.75,7' 0.75'',106.0,8' 10.00'',5.3,9.0,9.0,0.0,0.0,0.0,0.0,0.0,0.0,Sin_Dato,,,,,,,,,,,,,,,,,,,,Sin_Dato,Sin_Dato,Sin_Dato
2022-01-01,1630656,Hugo,Besson,Hugo Besson,SG,76.5,6' 4.50'',77.75,6' 5.75'',180.40,77.5,6' 5.50'',102.0,8' 6.00'',8.8,7.5,8.5,24.5,31.5,11.36,3.25,3.4,0.0,Sin_Dato,,,,,20-25,,,,,,,,,,,,,22-30,,Sin_Dato,Sin_Dato,14-25
2022-01-01,1631103,Malaki,Branham,Malaki Branham,SG,76.0,6' 4.00'',77.5,6' 5.50'',194.80,82.0,6' 10.00'',102.5,8' 6.50'',6.1,8.5,9.75,29.0,35.0,11.38,3.09,3.17,0.0,Sin_Dato,,,,,,,,,,,,,,,,,,,,Sin_Dato,Sin_Dato,Sin_Dato
2022-01-01,1631128,Christian,Braun,Christian Braun,SG,77.5,6' 5.50'',79.0,6' 7.00'',209.20,78.5,6' 6.50'',99.5,8' 3.50'',6.2,8.0,8.5,33.5,40.0,11.0,3.13,3.16,0.0,Sin_Dato,,,,,12-25,,,,,,,,,,,,,14-30,,Sin_Dato,Sin_Dato,12-25
2022-01-01,1631112,Kendall,Brown,Kendall Brown,SF,78.25,6' 6.25'',79.5,6' 7.50'',201.20,83.0,6' 11.00'',103.0,8' 7.00'',4.9,9.0,9.0,31.5,41.0,11.57,3.05,3.29,0.0,Sin_Dato,,,,,8-25,,,,,,,,,,,,,15-30,,Sin_Dato,Sin_Dato,18-25
2022-01-01,1631219,John,Butler Jr.,John Butler Jr.,PF,83.75,6' 11.75'',84.75,7' 0.75'',174.40,86.25,7' 2.25'',112.0,9' 4.00'',4.7,8.5,8.75,26.5,28.5,11.16,3.04,3.33,0.0,Sin_Dato,,,,,15-25,,,,,,,,,,,,,15-30,,Sin_Dato,Sin_Dato,15-25
2022-01-01,1630577,Julian,Champagnie,Julian Champagnie,SF,78.25,6' 6.25'',79.75,6' 7.75'',212.40,82.0,6' 10.00'',107.0,8' 11.00'',7.1,8.75,9.25,28.5,34.5,11.39,3.04,3.14,0.0,Sin_Dato,,,,,19-25,,,,,,,,,,,,,17-30,,Sin_Dato,Sin_Dato,16-25
2022-01-01,1631113,Kennedy,Chandler,Kennedy Chandler,PG,71.5,5' 11.50'',72.5,6' 0.50'',172.20,77.25,6' 5.25'',97.0,8' 1.00'',4.4,8.5,9.5,31.0,41.5,10.73,2.89,0.0,0.0,Sin_Dato,,,,,,,,,,,,,,,,,,,,Sin_Dato,Sin_Dato,Sin_Dato
2022-01-01,1631108,Max,Christie,Max Christie,SG,76.25,6' 4.25'',77.75,6' 5.75'',189.20,80.75,6' 8.75'',102.5,8' 6.50'',4.8,8.0,8.5,32.0,37.5,10.82,3.02,3.07,0.0,Sin_Dato,,,,,16-25,,,,,,,,,,,,,18-30,,Sin_Dato,Sin_Dato,13-25
2022-01-01,1630594,Kofi,Cockburn,Kofi Cockburn,C,83.0,6' 11.00'',84.0,7' 0.00'',293.00,88.25,7' 4.25'',110.5,9' 2.50'',8.2,9.75,10.25,29.5,32.5,12.11,3.31,3.33,0.0,Sin_Dato,,,,,7-25,,,,,,,,,,,,,14-30,,Sin_Dato,Sin_Dato,Sin_Dato
2022-01-01,1630700,Dyson,Daniels,Dyson Daniels,SG,78.0,6' 6.00'',79.5,6' 7.50'',195.20,82.5,6' 10.50'',105.0,8' 9.00'',4.9,8.5,9.75,29.0,34.0,10.81,2.81,3.22,0.0,Sin_Dato,,,,,,,,,,,,,,,,,,,,Sin_Dato,Sin_Dato,Sin_Dato
2022-01-01,1631098,Johnny,Davis,Johnny Davis,PG,76.25,6' 4.25'',77.75,6' 5.75'',196.40,80.5,6' 8.50'',103.5,8' 7.50'',6.7,8.5,10.25,0.0,0.0,0.0,0.0,0.0,0.0,Sin_Dato,,,,,,,,,,,,,,,,,,,,Sin_Dato,Sin_Dato,Sin_Dato
2022-01-01,1631120,JD,Davison,JD Davison,PG,72.5,6' 0.50'',74.5,6' 2.50'',191.80,78.5,6' 6.50'',99.5,8' 3.50'',7.8,8.5,9.5,30.0,37.0,11.38,3.23,3.26,0.0,Sin_Dato,,,,,,,,,,,,,,,,,,,,Sin_Dato,Sin_Dato,Sin_Dato
2022-01-01,1630620,Darius,Days,Darius Days,SF-PF,0.0,Sin_Dato,0.0,Sin_Dato,Sin_Dato,0.0,Sin_Dato,0.0,Sin_Dato,Sin_Dato,Sin_Dato,Sin_Dato,0.0,0.0,0.0,0.0,0.0,0.0,Sin_Dato,,,,,,,,,,,,,,,,,,,,Sin_Dato,Sin_Dato,Sin_Dato
2022-01-01,1631217,Moussa,Diabate,Moussa Diabate,C,81.25,6' 9.25'',82.25,6' 10.25'',216.60,86.5,7' 2.50'',109.5,9' 1.50'',2.7,8.5,10.5,29.0,36.5,11.16,2.9,3.26,0.0,Sin_Dato,,,,,11-25,,,,,,,,,,,,,19-30,,Sin_Dato,Sin_Dato,Sin_Dato
2022-01-01,1631172,Ousmane,Dieng,Ousmane Dieng,SF,0.0,Sin_Dato,0.0,Sin_Dato,Sin_Dato,0.0,Sin_Dato,0.0,Sin_Dato,Sin_Dato,Sin_Dato,Sin_Dato,0.0,0.0,0.0,0.0,0.0,0.0,Sin_Dato,,,,,,,,,,,,,,,,,,,,Sin_Dato,Sin_Dato,Sin_Dato
2022-01-01,1631215,Khalifa,Diop,Khalifa Diop,C,0.0,Sin_Dato,0.0,Sin_Dato,Sin_Dato,0.0,Sin_Dato,0.0,Sin_Dato,Sin_Dato,Sin_Dato,Sin_Dato,0.0,0.0,0.0,0.0,0.0,0.0,Sin_Dato,,,,,,,,,,,,,,,,,,,,Sin_Dato,Sin_Dato,Sin_Dato
2022-01-01,1631105,Jalen,Duren,Jalen Duren,C,0.0,Sin_Dato,0.0,Sin_Dato,Sin_Dato,0.0,Sin_Dato,0.0,Sin_Dato,Sin_Dato,Sin_Dato,Sin_Dato,0.0,0.0,0.0,0.0,0.0,0.0,Sin_Dato,,,,,,,,,,,,,,,,,,,,Sin_Dato,Sin_Dato,Sin_Dato
2022-01-01,1631106,Tari,Eason,Tari Eason,PF,78.75,6' 6.75'',80.0,6' 8.00'',217.40,86.0,7' 2.00'',107.5,8' 11.50'',5.9,9.25,11.0,0.0,0.0,0.0,0.0,0.0,0.0,Sin_Dato,,,,,,,,,,,,,,,,,,,,Sin_Dato,Sin_Dato,Sin_Dato
2022-01-01,1631165,Keon,Ellis,Keon Ellis,SG,75.5,6' 3.50'',76.75,6' 4.75'',167.40,80.5,6' 8.50'',102.0,8' 6.00'',3.8,8.0,9.25,28.0,35.5,10.87,3.02,3.18,0.0,Sin_Dato,,,,,14-25,,,,,,,,,,,,,25-30,,Sin_Dato,Sin_Dato,15-25
2022-01-01,1630701,Michael,Foster Jr.,Michael Foster Jr.,C,79.75,6' 7.75'',81.25,6' 9.25'',236.60,84.25,7' 0.25'',109.5,9' 1.50'',6.2,8.75,10.0,28.0,32.5,11.49,3.1,3.22,0.0,Sin_Dato,,,,,15-25,,,,,,,,,,,,,20-30,,Sin_Dato,Sin_Dato,14-25
2022-01-01,1631221,Collin,Gillespie,Collin Gillespie,PG,73.5,6' 1.50'',74.75,6' 2.75'',195.80,76.0,6' 4.00'',98.0,8' 2.00'',8.6,8.25,9.0,26.5,33.0,10.95,3.01,3.21,0.0,Sin_Dato,,,,,18-25,,,,,,,,,,,,,23-30,,Sin_Dato,Sin_Dato,16-25
2022-01-01,1631100,AJ,Griffin,AJ Griffin,SF,0.0,Sin_Dato,0.0,Sin_Dato,Sin_Dato,0.0,Sin_Dato,0.0,Sin_Dato,Sin_Dato,Sin_Dato,Sin_Dato,0.0,0.0,0.0,0.0,0.0,0.0,Sin_Dato,,,,,,,,,,,,,,,,,,,,Sin_Dato,Sin_Dato,Sin_Dato
2022-01-01,1630702,Jaden,Hardy,Jaden Hardy,SG,0.0,Sin_Dato,0.0,Sin_Dato,Sin_Dato,0.0,Sin_Dato,0.0,Sin_Dato,Sin_Dato,Sin_Dato,Sin_Dato,0.0,0.0,0.0,0.0,0.0,0.0,Sin_Dato,,,,,,,,,,,,,,,,,,,,Sin_Dato,Sin_Dato,Sin_Dato
2022-01-01,1631199,Ron,Harper Jr.,Ron Harper Jr.,SF,76.0,6' 4.00'',77.5,6' 5.50'',240.40,85.25,7' 1.25'',105.5,8' 9.50'',14.3,9.5,10.0,26.0,30.5,11.41,3.24,3.4,0.0,Sin_Dato,,,,,17-25,,,,,,,,,,,,,22-30,,Sin_Dato,Sin_Dato,15-25
2022-01-01,1631096,Chet,Holmgren,Chet Holmgren,PF,0.0,Sin_Dato,0.0,Sin_Dato,Sin_Dato,0.0,Sin_Dato,0.0,Sin_Dato,Sin_Dato,Sin_Dato,Sin_Dato,0.0,0.0,0.0,0.0,0.0,0.0,Sin_Dato,,,,,,,,,,,,,,,,,,,,Sin_Dato,Sin_Dato,Sin_Dato
2022-01-01,1631127,Harrison,Ingram,Harrison Ingram,SF,77.25,6' 5.25'',79.0,6' 7.00'',232.80,84.25,7' 0.25'',103.5,8' 7.50'',8.3,9.0,10.0,29.5,35.0,11.83,3.26,3.31,0.0,Sin_Dato,,,,,12-25,,,,,,,,,,,,,15-30,,Sin_Dato,Sin_Dato,13-25
2022-01-01,1631093,Jaden,Ivey,Jaden Ivey,PG,0.0,Sin_Dato,0.0,Sin_Dato,Sin_Dato,0.0,Sin_Dato,0.0,Sin_Dato,Sin_Dato,Sin_Dato,Sin_Dato,0.0,0.0,0.0,0.0,0.0,0.0,Sin_Dato,,,,,,,,,,,,,,,,,,,,Sin_Dato,Sin_Dato,Sin_Dato
2022-01-01,1631218,Trayce,Jackson-Davis,Trayce Jackson-Davis,C,0.0,Sin_Dato,0.0,Sin_Dato,Sin_Dato,0.0,Sin_Dato,0.0,Sin_Dato,Sin_Dato,Sin_Dato,Sin_Dato,0.0,0.0,0.0,0.0,0.0,0.0,Sin_Dato,,,,,,,,,,,,,,,,,,,,Sin_Dato,Sin_Dato,Sin_Dato
2022-01-01,1631107,Nikola,Jovic,Nikola Jovic,SF,81.5,6' 9.50'',83.0,6' 11.00'',222.60,84.25,7' 0.25'',108.5,9' 0.50'',7.4,8.75,9.75,0.0,0.0,0.0,0.0,0.0,0.0,Sin_Dato,,,,,,,,,,,,,,,,,,,,Sin_Dato,Sin_Dato,Sin_Dato
2022-01-01,1630548,Johnny,Juzang,Johnny Juzang,SG,77.25,6' 5.25'',78.5,6' 6.50'',208.60,83.0,6' 11.00'',102.5,8' 6.50'',7.5,8.5,9.5,27.5,32.5,11.03,3.17,3.29,0.0,Sin_Dato,,,,,,,,,,,,,,,,,,,,Sin_Dato,Sin_Dato,Sin_Dato
2022-01-01,1631130,Ismael,Kamagate,Ismael Kamagate,PF,0.0,Sin_Dato,0.0,Sin_Dato,Sin_Dato,0.0,Sin_Dato,0.0,Sin_Dato,Sin_Dato,Sin_Dato,Sin_Dato,0.0,0.0,0.0,0.0,0.0,0.0,Sin_Dato,,,,,,,,,,,,,,,,,,,,Sin_Dato,Sin_Dato,Sin_Dato
2022-01-01,1631211,Trevor,Keels,Trevor Keels,SG,75.25,6' 3.25'',76.75,6' 4.75'',223.80,79.25,6' 7.25'',101.0,8' 5.00'',13.5,8.25,9.0,24.5,31.0,11.33,3.32,3.27,0.0,Sin_Dato,,,,,,,,,,,,,,,,,,,,Sin_Dato,Sin_Dato,Sin_Dato
2022-01-01,1631117,Walker,Kessler,Walker Kessler,C,84.25,7' 0.25'',85.0,7' 1.00'',256.00,88.25,7' 4.25'',113.0,9' 5.00'',14.7,8.5,8.5,0.0,0.0,0.0,0.0,0.0,0.0,Sin_Dato,,,,,,,,,,,,,,,,,,,,Sin_Dato,Sin_Dato,Sin_Dato
2022-01-01,1631132,Christian,Koloko,Christian Koloko,C,82.75,6' 10.75'',84.0,7' 0.00'',221.00,89.25,7' 5.25'',113.0,9' 5.00'',5.7,9.0,10.75,28.0,33.5,11.3,3.19,3.27,0.0,Sin_Dato,,,,,9-25,,,,,,,,,,,,,15-30,,Sin_Dato,Sin_Dato,16-25
2022-01-01,1631222,Jake,LaRavia,Jake LaRavia,PF,78.75,6' 6.75'',80.0,6' 8.00'',227.20,81.5,6' 9.50'',104.0,8' 8.00'',9.0,8.5,10.25,27.5,34.0,10.58,2.89,3.37,0.0,Sin_Dato,,,,,14-25,,,,,,,,,,,,,21-30,,Sin_Dato,Sin_Dato,17-25
2022-01-01,1631171,Justin,Lewis,Justin Lewis,PF,78.25,6' 6.25'',79.5,6' 7.50'',235.40,86.5,7' 2.50'',105.5,8' 9.50'',7.3,9.0,10.5,32.5,35.0,11.49,3.02,3.23,0.0,Sin_Dato,,,,,19-25,,,,,,,,,,,,,17-30,,Sin_Dato,Sin_Dato,9-25
2022-01-01,1630604,E.J.,Liddell,E.J. Liddell,PF,77.5,6' 5.50'',79.0,6' 7.00'',243.00,83.75,6' 11.75'',103.5,8' 7.50'',12.2,8.25,9.25,35.5,38.0,11.11,3.23,3.26,0.0,Sin_Dato,,,,,,,,,,,,,,,,,,,,Sin_Dato,Sin_Dato,Sin_Dato
2022-01-01,1631254,Kenneth,Lofton Jr.,Kenneth Lofton Jr.,PF-C,0.0,Sin_Dato,0.0,Sin_Dato,Sin_Dato,0.0,Sin_Dato,0.0,Sin_Dato,Sin_Dato,Sin_Dato,Sin_Dato,0.0,0.0,0.0,0.0,0.0,0.0,Sin_Dato,,,,,,,,,,,,,,,,,,,,Sin_Dato,Sin_Dato,Sin_Dato
2022-01-01,1631213,Tyrese,Martin,Tyrese Martin,SG-SF,0.0,Sin_Dato,0.0,Sin_Dato,Sin_Dato,0.0,Sin_Dato,0.0,Sin_Dato,Sin_Dato,Sin_Dato,Sin_Dato,0.0,0.0,0.0,0.0,0.0,0.0,Sin_Dato,,,,,,,,,,,,,,,,,,,,Sin_Dato,Sin_Dato,Sin_Dato
2022-01-01,1631097,Bennedict,Mathurin,Bennedict Mathurin,SG,76.5,6' 4.50'',78.0,6' 6.00'',204.60,81.0,6' 9.00'',104.0,8' 8.00'',5.7,8.5,9.75,0.0,0.0,0.0,0.0,0.0,0.0,Sin_Dato,,,,,,,,,,,,,,,,,,,,Sin_Dato,Sin_Dato,Sin_Dato
2022-01-01,1630571,Matthew,Mayer,Matthew Mayer,SF,80.0,6' 8.00'',81.25,6' 9.25'',216.40,82.5,6' 10.50'',105.0,8' 9.00'',11.1,9.0,10.25,25.5,31.5,10.74,0.0,3.39,0.0,Sin_Dato,,,,,,,,,,,,,,,,,,,,Sin_Dato,Sin_Dato,Sin_Dato
2022-01-01,1631121,Bryce,McGowens,Bryce McGowens,SG,77.25,6' 5.25'',78.5,6' 6.50'',181.20,80.75,6' 8.75'',103.5,8' 7.50'',5.4,8.75,9.5,29.5,34.0,11.12,3.16,3.27,0.0,Sin_Dato,,,,,11-25,,,,,,,,,,,,,18-30,,Sin_Dato,Sin_Dato,13-25
2022-01-01,1631159,Leonard,Miller,Leonard Miller,SF,80.5,6' 8.50'',82.0,6' 10.00'',211.00,86.0,7' 2.00'',106.5,8' 10.50'',5.7,9.25,10.5,30.0,36.5,11.11,3.02,3.36,0.0,Sin_Dato,,,,,10-25,,,,,,,,,,,,,15-30,,Sin_Dato,Sin_Dato,Sin_Dato
2022-01-01,1631125,Josh,Minnott,Josh Minnott,PF,0.0,Sin_Dato,0.0,Sin_Dato,Sin_Dato,0.0,Sin_Dato,0.0,Sin_Dato,Sin_Dato,Sin_Dato,Sin_Dato,0.0,0.0,0.0,0.0,0.0,0.0,Sin_Dato,,,,,,,,,,,,,,,,,,,,Sin_Dato,Sin_Dato,Sin_Dato
2022-01-01,1631198,Aminu,Mohammed,Aminu Mohammed,SG-SF,75.5,6' 3.50'',77.0,6' 5.00'',212.80,83.0,6' 11.00'',104.0,8' 8.00'',5.1,8.75,9.5,29.5,36.0,11.54,3.04,3.33,0.0,Sin_Dato,,,,,15-25,,,,,,,,,,,,,23-30,,Sin_Dato,Sin_Dato,11-25
2022-01-01,1631129,Iverson,Molinar,Iverson Molinar,PG,74.25,6' 2.25'',75.25,6' 3.25'',183.20,80.0,6' 8.00'',101.0,8' 5.00'',4.8,8.5,9.5,31.0,38.0,11.23,3.1,3.19,0.0,Sin_Dato,,,,,12-25,,,,,,,,,,,,,20-30,,Sin_Dato,Sin_Dato,10-25
2022-01-01,1631168,Jean,Montero,Jean Montero,PG,73.0,6' 1.00'',74.25,6' 2.25'',171.80,77.25,6' 5.25'',98.5,8' 2.50'',7.4,8.0,8.75,29.5,37.0,11.19,3.17,3.17,0.0,Sin_Dato,,,,,16-25,,,,,,,,,,,,,21-30,,Sin_Dato,Sin_Dato,15-25
2022-01-01,1631111,Wendell,Moore,Wendell Moore,SG,76.25,6' 4.25'',77.5,6' 5.50'',217.20,84.5,7' 0.50'',101.0,8' 5.00'',7.5,8.75,10.25,32.5,38.5,10.94,3.21,3.3,0.0,Sin_Dato,,,,,,,,,,,,,,,,,,,,Sin_Dato,Sin_Dato,Sin_Dato
2022-01-01,1631099,Keegan,Murray,Keegan Murray,PF,0.0,Sin_Dato,0.0,Sin_Dato,Sin_Dato,0.0,Sin_Dato,0.0,Sin_Dato,Sin_Dato,Sin_Dato,Sin_Dato,0.0,0.0,0.0,0.0,0.0,0.0,Sin_Dato,,,,,,,,,,,,,,,,,,,,Sin_Dato,Sin_Dato,Sin_Dato
2022-01-01,1629614,Andrew,Nembhard,Andrew Nembhard,PG,75.0,6' 3.00'',76.5,6' 4.50'',195.60,77.75,6' 5.75'',99.0,8' 3.00'',4.4,8.0,9.5,26.5,35.0,10.46,3.02,3.26,0.0,Sin_Dato,,,,,,,,,,,,,,,,,,,,Sin_Dato,Sin_Dato,Sin_Dato
2022-01-01,1630590,Scotty,Pippen Jr.,Scotty Pippen Jr.,PG,72.0,6' 0.00'',73.5,6' 1.50'',180.00,77.75,6' 5.75'',95.5,7' 11.50'',5.3,7.75,9.0,30.5,37.5,11.07,3.1,3.21,0.0,Sin_Dato,,,,,8-25,,,,,,,,,,,,,19-30,,Sin_Dato,Sin_Dato,14-25
2022-01-01,1630629,Gabriele,Procida,Gabriele Procida,SG-SF,77.75,6' 5.75'',79.75,6' 7.75'',192.80,80.0,6' 8.00'',106.0,8' 10.00'',3.8,8.0,9.25,29.5,35.0,11.02,3.14,3.07,0.0,Sin_Dato,,,,,,,,,,,,,,,,,,,,Sin_Dato,Sin_Dato,Sin_Dato
2022-01-01,1631197,Jared,Rhoden,Jared Rhoden,SG-SF,0.0,Sin_Dato,0.0,Sin_Dato,Sin_Dato,0.0,Sin_Dato,0.0,Sin_Dato,Sin_Dato,Sin_Dato,Sin_Dato,0.0,0.0,0.0,0.0,0.0,0.0,Sin_Dato,,,,,,,,,,,,,,,,,,,,Sin_Dato,Sin_Dato,Sin_Dato
2022-01-01,1631115,Orlando,Robinson,Orlando Robinson,C,81.75,6' 9.75'',83.0,6' 11.00'',244.40,88.0,7' 4.00'',111.0,9' 3.00'',9.5,8.75,10.0,23.0,27.5,11.4,3.23,3.55,0.0,Sin_Dato,,,,,15-25,,,,,,,,,,,,,18-30,,Sin_Dato,Sin_Dato,13-25
2022-01-01,1631223,David,Roddy,David Roddy,PF,76.5,6' 4.50'',78.0,6' 6.00'',260.80,83.5,6' 11.50'',105.0,8' 9.00'',11.6,8.75,10.0,27.0,35.5,10.75,3.1,3.22,0.0,Sin_Dato,,,,,13-25,,,,,,,,,,,,,18-30,,Sin_Dato,Sin_Dato,13-25
2022-01-01,1631157,Ryan,Rollins,Ryan Rollins,SG,74.0,6' 2.00'',75.25,6' 3.25'',179.20,81.75,6' 9.75'',100.5,8' 4.50'',5.0,8.0,8.5,30.5,36.5,11.26,3.28,3.07,0.0,Sin_Dato,,,,,15-25,,,,,,,,,,,,,17-30,,Sin_Dato,Sin_Dato,12-25
2022-01-01,1631204,Marcus,Sasser,Marcus Sasser,PG,0.0,Sin_Dato,0.0,Sin_Dato,Sin_Dato,0.0,Sin_Dato,0.0,Sin_Dato,Sin_Dato,Sin_Dato,Sin_Dato,0.0,0.0,0.0,0.0,0.0,0.0,Sin_Dato,,,,,,,,,,,,,,,,,,,,Sin_Dato,Sin_Dato,Sin_Dato
2022-01-01,1631220,Dereon,Seabron,Dereon Seabron,SG,76.75,6' 4.75'',77.75,6' 5.75'',182.40,80.75,6' 8.75'',103.5,8' 7.50'',4.0,8.5,9.5,30.5,38.0,11.03,3.04,3.12,0.0,Sin_Dato,,,,,11-25,,,,,,,,,,,,,17-30,,Sin_Dato,Sin_Dato,15-25
2022-01-01,1631101,Shaedon,Sharpe,Shaedon Sharpe,SG,76.25,6' 4.25'',77.25,6' 5.25'',198.00,83.5,6' 11.50'',103.5,8' 7.50'',4.8,9.0,9.25,0.0,0.0,0.0,0.0,0.0,0.0,Sin_Dato,,,,,,,,,,,,,,,,,,,,Sin_Dato,Sin_Dato,Sin_Dato
2022-01-01,1631173,Terquavion,Smith,Terquavion Smith,SG,74.25,6' 2.25'',75.75,6' 3.75'',165.20,78.5,6' 6.50'',98.0,8' 2.00'',3.8,8.5,8.0,30.5,38.5,10.63,3.03,3.14,0.0,Sin_Dato,,,,,13-25,,,,,,,,,,,,,19-30,,Sin_Dato,Sin_Dato,13-25
2022-01-01,1631095,Jabari,Smith,Jabari Smith,PF,0.0,Sin_Dato,0.0,Sin_Dato,Sin_Dato,0.0,Sin_Dato,0.0,Sin_Dato,Sin_Dato,Sin_Dato,Sin_Dato,0.0,0.0,0.0,0.0,0.0,0.0,Sin_Dato,,,,,,,,,,,,,,,,,,,,Sin_Dato,Sin_Dato,Sin_Dato
2022-01-01,1631110,Jeremy,Sochan,Jeremy Sochan,PF,0.0,Sin_Dato,0.0,Sin_Dato,Sin_Dato,0.0,Sin_Dato,0.0,Sin_Dato,Sin_Dato,Sin_Dato,Sin_Dato,0.0,0.0,0.0,0.0,0.0,0.0,Sin_Dato,,,,,,,,,,,,,,,,,,,,Sin_Dato,Sin_Dato,Sin_Dato
2022-01-01,1631164,Matteo,Spagnolo,Matteo Spagnolo,PG,76.0,6' 4.00'',77.5,6' 5.50'',196.20,80.0,6' 8.00'',102.0,8' 6.00'',8.6,8.25,10.0,25.5,31.5,11.42,3.16,3.4,0.0,Sin_Dato,,,,,,,,,,,,,,,,,,,,Sin_Dato,Sin_Dato,Sin_Dato
2022-01-01,1631124,Julian,Strawther,Julian Strawther,SF,77.75,6' 5.75'',79.0,6' 7.00'',207.60,81.5,6' 9.50'',104.5,8' 8.50'',7.9,8.25,8.5,28.5,35.0,10.3,3.37,3.26,0.0,Sin_Dato,,,,,18-25,,,,,,,,,,,,,21-30,,Sin_Dato,Sin_Dato,14-25
2022-01-01,1631207,Dalen,Terry,Dalen Terry,SG,78.0,6' 6.00'',79.25,6' 7.25'',195.20,84.75,7' 0.75'',106.0,8' 10.00'',5.4,8.5,9.0,0.0,0.0,0.0,0.0,0.0,0.0,Sin_Dato,,,,,,,,,,,,,,,,,,,,Sin_Dato,Sin_Dato,Sin_Dato
2022-01-01,1631166,Drew,Timme,Drew Timme,C,80.25,6' 8.25'',81.25,6' 9.25'',231.60,86.0,7' 2.00'',107.5,8' 11.50'',15.7,9.0,10.0,25.5,31.5,11.71,3.31,3.38,0.0,Sin_Dato,,,,,11-25,,,,,,,,,,,,,13-30,,Sin_Dato,Sin_Dato,10-25
2022-01-01,1631133,Jabari,Walker,Jabari Walker,PF,78.75,6' 6.75'',80.0,6' 8.00'',213.80,82.75,6' 10.75'',105.0,8' 9.00'',12.1,8.75,9.75,29.5,32.5,11.53,3.12,3.24,0.0,Sin_Dato,,,,,15-25,,,,,,,,,,,,,14-30,,Sin_Dato,Sin_Dato,11-25
2022-01-01,1631102,TyTy,Washington Jr.,TyTy Washington Jr.,SG,74.25,6' 2.25'',75.75,6' 3.75'',196.40,80.0,6' 8.00'',99.5,8' 3.50'',12.0,8.5,9.25,0.0,0.0,0.0,0.0,0.0,0.0,Sin_Dato,,,,,,,,,,,,,,,,,,,,Sin_Dato,Sin_Dato,Sin_Dato
2022-01-01,1631212,Peyton,Watson,Peyton Watson,SF,78.75,6' 6.75'',80.0,6' 8.00'',203.40,84.5,7' 0.50'',107.5,8' 11.50'',5.2,8.5,9.5,28.0,33.5,11.03,3.24,3.28,0.0,Sin_Dato,,,,,,,,,,,,,,,,,,,,Sin_Dato,Sin_Dato,Sin_Dato
2022-01-01,1631104,Blake,Wesley,Blake Wesley,SG,75.0,6' 3.00'',76.25,6' 4.25'',187.20,81.25,6' 9.25'',103.0,8' 7.00'',5.6,8.25,9.0,30.0,36.0,11.55,3.25,3.21,0.0,Sin_Dato,,,,,,,,,,,,,,,,,,,,Sin_Dato,Sin_Dato,Sin_Dato
2022-01-01,1631214,Alondes,Williams,Alondes Williams,SG,75.75,6' 3.75'',77.0,6' 5.00'',209.00,79.0,6' 7.00'',102.0,8' 6.00'',7.2,8.5,9.25,30.0,35.5,10.96,3.11,3.15,0.0,Sin_Dato,,,,,15-25,,,,,,,,,,,,,16-30,,Sin_Dato,Sin_Dato,11-25
2022-01-01,1631114,Jalen,Williams,Jalen Williams,SG,76.5,6' 4.50'',77.75,6' 5.75'',209.20,86.25,7' 2.25'',105.5,8' 9.50'',8.9,8.5,9.5,33.5,39.0,11.13,3.17,3.11,0.0,Sin_Dato,,,,,13-25,,,,,,,,,,,,,21-30,,Sin_Dato,Sin_Dato,13-25
2022-01-01,1631119,Jaylin,Williams,Jaylin Williams,C,80.75,6' 8.75'',82.0,6' 10.00'',236.60,85.0,7' 1.00'',108.5,9' 0.50'',8.0,8.5,10.5,24.5,30.0,11.64,3.1,3.5,0.0,Sin_Dato,,,,,10-25,,,,,,,,,,,,,16-30,,Sin_Dato,Sin_Dato,10-25
2022-01-01,1630652,Trevion,Williams,Trevion Williams,C,79.25,6' 7.25'',80.75,6' 8.75'',264.60,86.75,7' 2.75'',108.5,9' 0.50'',10.8,9.0,10.25,27.5,30.0,12.75,3.46,3.48,0.0,Sin_Dato,,,,,7-25,,,,,,,,,,,,,14-30,,Sin_Dato,Sin_Dato,11-25
2022-01-01,1631258,Bryson,Williams,Bryson Williams,PF-C,0.0,Sin_Dato,0.0,Sin_Dato,Sin_Dato,0.0,Sin_Dato,0.0,Sin_Dato,Sin_Dato,Sin_Dato,Sin_Dato,0.0,0.0,0.0,0.0,0.0,0.0,Sin_Dato,,,,,,,,,,,,,,,,,,,,Sin_Dato,Sin_Dato,Sin_Dato
2022-01-01,1631109,Mark,Williams,Mark Williams,C,84.0,7' 0.00'',86.0,7' 2.00'',242.40,90.5,7' 6.50'',117.0,9' 9.00'',5.4,9.0,9.75,0.0,0.0,0.0,0.0,0.0,0.0,Sin_Dato,,,,,,,,,,,,,,,,,,,,Sin_Dato,Sin_Dato,Sin_Dato
2022-01-01,1630592,Jalen,Wilson,Jalen Wilson,SF-PF,0.0,Sin_Dato,0.0,Sin_Dato,Sin_Dato,0.0,Sin_Dato,0.0,Sin_Dato,Sin_Dato,Sin_Dato,Sin_Dato,0.0,0.0,0.0,0.0,0.0,0.0,Sin_Dato,,,,,,,,,,,,,,,,,,,,Sin_Dato,Sin_Dato,Sin_Dato
2022-01-01,1630855,Fanbo,Zeng,Fanbo Zeng,SF-PF,0.0,Sin_Dato,0.0,Sin_Dato,Sin_Dato,0.0,Sin_Dato,0.0,Sin_Dato,Sin_Dato,Sin_Dato,Sin_Dato,0.0,0.0,0.0,0.0,0.0,0.0,Sin_Dato,,,,,,,,,,,,,,,,,,,,Sin_Dato,Sin_Dato,Sin_Dato
2023-01-01,1641725,Trey,Alexander,Trey Alexander,SG,75.25,6' 3.25'',0.0,Sin_Dato,184.60,82.0,6' 10.00'',101.5,8' 5.50'',Sin_Dato,8.5,8.75,29.5,34.0,11.6,0.0,3.35,0.0,Sin_Dato,,,,,17-25,,,,,,,,,,,,,21-30,,Sin_Dato,Sin_Dato,9-25
2023-01-01,1641735,Amari,Bailey,Amari Bailey,SG,75.25,6' 3.25'',0.0,Sin_Dato,190.80,79.0,6' 7.00'',103.5,8' 7.50'',Sin_Dato,8.0,9.25,28.5,35.0,11.34,0.0,3.19,0.0,Sin_Dato,,,,,15-25,,,,,,,,,,,,,24-30,,Sin_Dato,Sin_Dato,11-25
2023-01-01,1641734,Emoni,Bates,Emoni Bates,SF,80.25,6' 8.25'',0.0,Sin_Dato,179.20,81.0,6' 9.00'',105.0,8' 9.00'',Sin_Dato,8.0,8.25,27.0,32.5,11.54,0.0,3.49,0.0,Sin_Dato,,,,,17-25,,,,,,,,,,,,,23-30,,Sin_Dato,Sin_Dato,19-25
2023-01-01,1641736,Reece,Beekman,Reece Beekman,PG,73.5,6' 1.50'',0.0,Sin_Dato,190.60,79.0,6' 7.00'',100.5,8' 4.50'',Sin_Dato,8.5,8.25,30.5,38.0,10.99,3.33,3.14,0.0,Sin_Dato,,,,,12-25,,,,,,,,,,,,,22-30,,Sin_Dato,Sin_Dato,15-25
2023-01-01,1641710,Anthony,Black,Anthony Black,PG,77.75,6' 5.75'',0.0,Sin_Dato,210.00,79.5,6' 7.50'',102.5,8' 6.50'',Sin_Dato,8.25,9.5,32.0,39.0,11.04,0.0,3.35,0.0,Sin_Dato,,,,,,,,,,,,,,,,,,,,Sin_Dato,Sin_Dato,Sin_Dato
2023-01-01,1641737,Adem,Bona,Adem Bona,C,80.25,6' 8.25'',0.0,Sin_Dato,243.40,0.0,Sin_Dato,110.5,9' 2.50'',Sin_Dato,9.25,10.0,0.0,0.0,0.0,0.0,0.0,0.0,Sin_Dato,,,,,,,,,,,,,,,,,,,,Sin_Dato,Sin_Dato,Sin_Dato
2023-01-01,1641738,Kobe,Brown,Kobe Brown,PF,78.5,6' 6.50'',0.0,Sin_Dato,252.20,84.75,7' 0.75'',106.5,8' 10.50'',Sin_Dato,8.75,9.75,28.5,32.0,11.39,3.23,3.33,0.0,Sin_Dato,,,,,14-25,,,,,,,,,,,,,15-30,,Sin_Dato,Sin_Dato,11-25
2023-01-01,1641723,Kobe,Bufkin,Kobe Bufkin,SG,76.25,6' 4.25'',0.0,Sin_Dato,186.80,79.75,6' 7.75'',102.5,8' 6.50'',Sin_Dato,8.0,9.25,29.0,36.0,11.71,0.0,3.26,0.0,Sin_Dato,,,,,,,,,,,,,,,,,,,,Sin_Dato,Sin_Dato,Sin_Dato
2023-01-01,1641739,Toumani,Camara,Toumani Camara,PF,79.0,6' 7.00'',0.0,Sin_Dato,220.40,84.5,7' 0.50'',107.0,8' 11.00'',Sin_Dato,9.0,10.0,28.5,33.0,10.7,3.19,3.41,0.0,Sin_Dato,,,,,15-25,,,,,,,,,,,,,21-30,,Sin_Dato,Sin_Dato,13-25
2023-01-01,1631321,Sidy,Cissoko,Sidy Cissoko,SF,77.5,6' 5.50'',0.0,Sin_Dato,223.80,81.75,6' 9.75'',104.0,8' 8.00'',Sin_Dato,9.25,10.0,30.5,35.5,11.24,0.0,3.31,0.0,Sin_Dato,,,,,,,,,,,,,,,,,,,,Sin_Dato,Sin_Dato,Sin_Dato
2023-01-01,1641740,Jaylen,Clark,Jaylen Clark,SG,76.0,6' 4.00'',0.0,Sin_Dato,204.20,81.0,6' 9.00'',101.5,8' 5.50'',Sin_Dato,8.5,9.0,0.0,0.0,0.0,0.0,0.0,0.0,Sin_Dato,,,,,,,,,,,,,,,,,,,,Sin_Dato,Sin_Dato,Sin_Dato
2023-01-01,1641730,Noah,Clowney,Noah Clowney,PF,0.0,Sin_Dato,0.0,Sin_Dato,Sin_Dato,0.0,Sin_Dato,0.0,Sin_Dato,Sin_Dato,Sin_Dato,Sin_Dato,0.0,0.0,0.0,0.0,0.0,0.0,Sin_Dato,,,,,,,,,,,,,,,,,,,,Sin_Dato,Sin_Dato,Sin_Dato
2023-01-01,1641731,Bilal,Coulibaly,Bilal Coulibaly,SG-SF,0.0,Sin_Dato,0.0,Sin_Dato,Sin_Dato,0.0,Sin_Dato,0.0,Sin_Dato,Sin_Dato,Sin_Dato,Sin_Dato,0.0,0.0,0.0,0.0,0.0,0.0,Sin_Dato,,,,,,,,,,,,,,,,,,,,Sin_Dato,Sin_Dato,Sin_Dato
2023-01-01,1641741,Ricky,Council IV,Ricky Council IV,SF,77.0,6' 5.00'',0.0,Sin_Dato,208.00,81.0,6' 9.00'',103.0,8' 7.00'',Sin_Dato,7.75,8.5,30.5,37.0,11.2,3.21,3.33,0.0,Sin_Dato,,,,,12-25,,,,,,,,,,,,,15-30,,Sin_Dato,Sin_Dato,10-25
2023-01-01,1641711,Gradey,Dick,Gradey Dick,SG,78.25,6' 6.25'',0.0,Sin_Dato,204.00,80.75,6' 8.75'',101.0,8' 5.00'',Sin_Dato,8.25,9.0,29.0,34.0,11.13,2.98,3.5,0.0,Sin_Dato,,,,,15-25,,,,,,,,,,,,,23-30,,Sin_Dato,Sin_Dato,16-25
2023-01-01,1641743,Nikola,Djurisic,Nikola Djurisic,SF,79.0,6' 7.00'',0.0,Sin_Dato,217.60,80.25,6' 8.25'',102.0,8' 6.00'',Sin_Dato,8.25,9.5,0.0,0.0,0.0,0.0,0.0,0.0,Sin_Dato,,,,,,,,,,,,,,,,,,,,Sin_Dato,Sin_Dato,Sin_Dato
2023-01-01,1641744,Zach,Edey,Zach Edey,C,87.25,7' 3.25'',0.0,Sin_Dato,306.40,94.5,7' 10.50'',115.5,9' 7.50'',Sin_Dato,9.75,11.0,26.0,29.5,11.37,0.0,3.45,0.0,Sin_Dato,,,,,,,,,,,,,,,,,,,,Sin_Dato,Sin_Dato,Sin_Dato
2023-01-01,1641745,Adam,Flagler,Adam Flagler,PG,73.0,6' 1.00'',0.0,Sin_Dato,191.80,76.5,6' 4.50'',97.0,8' 1.00'',Sin_Dato,8.0,9.25,31.0,36.0,10.96,0.0,3.24,0.0,Sin_Dato,,,,,14-25,,,,,,,,,,,,,21-30,,Sin_Dato,Sin_Dato,17-25
2023-01-01,1641718,Keyonte,George,Keyonte George,SG,0.0,Sin_Dato,0.0,Sin_Dato,Sin_Dato,0.0,Sin_Dato,0.0,Sin_Dato,Sin_Dato,Sin_Dato,Sin_Dato,0.0,0.0,0.0,0.0,0.0,0.0,Sin_Dato,,,,,,,,,,,,,,,,,,,,Sin_Dato,Sin_Dato,Sin_Dato
2023-01-01,1631243,Mouhamed,Gueye,Mouhamed Gueye,C,82.25,6' 10.25'',0.0,Sin_Dato,212.60,87.25,7' 3.25'',110.5,9' 2.50'',Sin_Dato,9.0,10.0,0.0,0.0,0.0,0.0,0.0,0.0,Sin_Dato,,,,,,,,,,,,,,,,,,,,Sin_Dato,Sin_Dato,Sin_Dato
2023-01-01,1641722,Jordan,Hawkins,Jordan Hawkins,SG,76.25,6' 4.25'',0.0,Sin_Dato,186.00,78.75,6' 6.75'',101.5,8' 5.50'',Sin_Dato,8.25,8.75,0.0,0.0,0.0,0.0,0.0,0.0,Sin_Dato,,,,,,,,,,,,,,,,,,,,Sin_Dato,Sin_Dato,Sin_Dato
2023-01-01,1641746,Coleman,Hawkins,Coleman Hawkins,PF,80.5,6' 8.50'',0.0,Sin_Dato,224.40,84.25,7' 0.25'',108.5,9' 0.50'',Sin_Dato,8.75,8.75,26.5,32.5,12.14,0.0,3.37,0.0,Sin_Dato,,,,,17-25,,,,,,,,,,,,,17-30,,Sin_Dato,Sin_Dato,17-25
2023-01-01,1630703,Scoot,Henderson,Scoot Henderson,PG,0.0,Sin_Dato,0.0,Sin_Dato,Sin_Dato,0.0,Sin_Dato,0.0,Sin_Dato,Sin_Dato,Sin_Dato,Sin_Dato,0.0,0.0,0.0,0.0,0.0,0.0,Sin_Dato,,,,,,,,,,,,,,,,,,,,Sin_Dato,Sin_Dato,Sin_Dato
2023-01-01,1641707,Taylor,Hendricks,Taylor Hendricks,PF,80.25,6' 8.25'',0.0,Sin_Dato,213.60,84.5,7' 0.50'',107.0,8' 11.00'',Sin_Dato,9.25,10.25,32.5,36.0,11.27,0.0,3.32,0.0,Sin_Dato,,,,,,,,,,,,,,,,,,,,Sin_Dato,Sin_Dato,Sin_Dato
2023-01-01,1641747,DaRon,Holmes II,DaRon Holmes II,C,81.0,6' 9.00'',0.0,Sin_Dato,220.80,84.5,7' 0.50'',109.0,9' 1.00'',Sin_Dato,8.5,9.5,29.5,35.0,11.48,0.0,3.2,0.0,Sin_Dato,,,,,12-25,,,,,,,,,,,,,15-30,,Sin_Dato,Sin_Dato,11-25
2023-01-01,1641720,Jalen,Hood-Schifino,Jalen Hood-Schifino,PG,76.25,6' 4.25'',0.0,Sin_Dato,216.60,82.25,6' 10.25'',100.5,8' 4.50'',Sin_Dato,9.0,9.75,0.0,0.0,0.0,0.0,0.0,0.0,Sin_Dato,,,,,,,,,,,,,,,,,,,,Sin_Dato,Sin_Dato,Sin_Dato
2023-01-01,1641724,Jett,Howard,Jett Howard,SF,0.0,Sin_Dato,0.0,Sin_Dato,Sin_Dato,0.0,Sin_Dato,0.0,Sin_Dato,Sin_Dato,Sin_Dato,Sin_Dato,0.0,0.0,0.0,0.0,0.0,0.0,Sin_Dato,,,,,,,,,,,,,,,,,,,,Sin_Dato,Sin_Dato,Sin_Dato
2023-01-01,1641713,GG,Jackson,GG Jackson,PF,80.25,6' 8.25'',0.0,Sin_Dato,214.40,83.5,6' 11.50'',106.0,8' 10.00'',Sin_Dato,8.5,10.0,31.0,37.0,11.39,0.0,3.21,0.0,Sin_Dato,,,,,11-25,,,,,,,,,,,,,14-30,,Sin_Dato,Sin_Dato,11-25
2023-01-01,1641748,Andre,Jackson Jr.,Andre Jackson Jr.,SF,77.5,6' 5.50'',0.0,Sin_Dato,198.40,81.75,6' 9.75'',103.0,8' 7.00'',Sin_Dato,8.25,9.5,30.5,39.5,10.83,0.0,3.14,0.0,Sin_Dato,,,,,11-25,,,,,,,,,,,,,18-30,,Sin_Dato,Sin_Dato,15-25
2023-01-01,1631218,Trayce,Jackson-Davis,Trayce Jackson-Davis,C,80.25,6' 8.25'',0.0,Sin_Dato,240.40,85.0,7' 1.00'',106.0,8' 10.00'',Sin_Dato,9.25,10.75,33.0,36.5,11.8,3.23,3.2,0.0,Sin_Dato,,,,,10-25,,,,,,,,,,,,,18-30,,Sin_Dato,Sin_Dato,12-25
2023-01-01,1631170,Jaime,Jaquez Jr.,Jaime Jaquez Jr.,SF,78.0,6' 6.00'',0.0,Sin_Dato,226.40,81.5,6' 9.50'',99.5,8' 3.50'',Sin_Dato,8.5,9.5,34.5,39.0,11.21,0.0,3.33,0.0,Sin_Dato,,,,,,,,,,,,,,,,,,,,Sin_Dato,Sin_Dato,Sin_Dato
2023-01-01,1641749,Keyontae,Johnson,Keyontae Johnson,SF,76.0,6' 4.00'',0.0,Sin_Dato,238.60,84.0,7' 0.00'',103.0,8' 7.00'',Sin_Dato,9.0,9.0,0.0,0.0,0.0,0.0,0.0,0.0,Sin_Dato,,,,,,,,,,,,,,,,,,,,Sin_Dato,Sin_Dato,Sin_Dato
2023-01-01,1641732,Colby,Jones,Colby Jones,SG,76.5,6' 4.50'',0.0,Sin_Dato,199.20,80.0,6' 8.00'',103.0,8' 7.00'',Sin_Dato,8.25,8.5,30.5,35.0,11.14,3.13,3.33,0.0,Sin_Dato,,,,,,,,,,,,,,,,,,,,Sin_Dato,Sin_Dato,Sin_Dato
2023-01-01,1641750,Ryan,Kalkbrenner,Ryan Kalkbrenner,C,84.75,7' 0.75'',0.0,Sin_Dato,251.80,89.0,7' 5.00'',112.5,9' 4.50'',Sin_Dato,9.25,11.0,28.0,30.5,12.27,0.0,3.39,0.0,Sin_Dato,,,,,12-25,,,,,,,,,,,,,11-30,,Sin_Dato,Sin_Dato,12-25
2023-01-01,1641751,Arthur,Kaluma,Arthur Kaluma,PF,78.25,6' 6.25'',0.0,Sin_Dato,221.80,84.5,7' 0.50'',103.5,8' 7.50'',Sin_Dato,8.5,10.0,32.5,34.5,11.35,3.26,3.44,0.0,Sin_Dato,,,,,17-25,,,,,,,,,,,,,20-30,,Sin_Dato,Sin_Dato,16-25
2023-01-01,1631340,Mojave,King,Mojave King,SG,75.75,6' 3.75'',0.0,Sin_Dato,200.60,80.0,6' 8.00'',101.0,8' 5.00'',Sin_Dato,8.75,9.5,33.5,42.0,11.07,0.0,3.18,0.0,Sin_Dato,,,,,16-25,,,,,,,,,,,,,24-30,,Sin_Dato,Sin_Dato,13-25
2023-01-01,1641752,Bobi,Klintman,Bobi Klintman,PF,0.0,Sin_Dato,0.0,Sin_Dato,Sin_Dato,0.0,Sin_Dato,0.0,Sin_Dato,Sin_Dato,Sin_Dato,Sin_Dato,0.0,0.0,0.0,0.0,0.0,0.0,Sin_Dato,,,,,,,,,,,,,,,,,,,,Sin_Dato,Sin_Dato,Sin_Dato
2023-01-01,1641721,Maxwell,Lewis,Maxwell Lewis,SG,78.25,6' 6.25'',0.0,Sin_Dato,207.20,84.0,7' 0.00'',104.5,8' 8.50'',Sin_Dato,8.75,9.5,32.5,36.5,11.4,0.0,3.43,0.0,Sin_Dato,,,,,,,,,,,,,,,,,,,,Sin_Dato,Sin_Dato,Sin_Dato
2023-01-01,1641726,Dereck,Lively Jr.,Dereck Lively Jr.,C,0.0,Sin_Dato,0.0,Sin_Dato,Sin_Dato,0.0,Sin_Dato,0.0,Sin_Dato,Sin_Dato,Sin_Dato,Sin_Dato,0.0,0.0,0.0,0.0,0.0,0.0,Sin_Dato,,,,,,,,,,,,,,,,,,,,Sin_Dato,Sin_Dato,Sin_Dato
2023-01-01,1641753,Chris,Livingston,Chris Livingston,SF,78.0,6' 6.00'',0.0,Sin_Dato,219.20,83.25,6' 11.25'',104.5,8' 8.50'',Sin_Dato,8.5,9.0,30.5,37.0,11.65,0.0,3.27,0.0,Sin_Dato,,,,,10-25,,,,,,,,,,,,,21-30,,Sin_Dato,Sin_Dato,12-25
2023-01-01,1641754,Seth,Lundy,Seth Lundy,SF,76.0,6' 4.00'',0.0,Sin_Dato,214.40,82.25,6' 10.25'',104.0,8' 8.00'',Sin_Dato,8.5,9.0,31.5,35.5,11.02,0.0,3.15,0.0,Sin_Dato,,,,,16-25,,,,,,,,,,,,,25-30,,Sin_Dato,Sin_Dato,16-25
2023-01-01,1631256,Kevin,McCullar,Kevin McCullar,SF,0.0,Sin_Dato,0.0,Sin_Dato,Sin_Dato,0.0,Sin_Dato,0.0,Sin_Dato,Sin_Dato,Sin_Dato,Sin_Dato,0.0,0.0,0.0,0.0,0.0,0.0,Sin_Dato,,,,,,,,,,,,,,,,,,,,Sin_Dato,Sin_Dato,Sin_Dato
2023-01-01,1641756,Mike,Miles Jr.,Mike Miles Jr.,PG,72.75,6' 0.75'',0.0,Sin_Dato,205.00,72.5,6' 0.50'',96.0,8' 0.00'',Sin_Dato,8.0,8.25,33.0,37.0,11.01,3.24,3.11,0.0,Sin_Dato,,,,,16-25,,,,,,,,,,,,,19-30,,Sin_Dato,Sin_Dato,11-25
2023-01-01,1641757,Jordan,Miller,Jordan Miller,SF,76.5,6' 4.50'',0.0,Sin_Dato,191.60,83.75,6' 11.75'',103.5,8' 7.50'',Sin_Dato,8.5,9.25,32.0,36.5,11.43,3.21,3.17,0.0,Sin_Dato,,,,,13-25,,,,,,,,,,,,,16-30,,Sin_Dato,Sin_Dato,8-25
2023-01-01,1641706,Brandon,Miller,Brandon Miller,SF,0.0,Sin_Dato,0.0,Sin_Dato,Sin_Dato,0.0,Sin_Dato,0.0,Sin_Dato,Sin_Dato,Sin_Dato,Sin_Dato,0.0,0.0,0.0,0.0,0.0,0.0,Sin_Dato,,,,,,,,,,,,,,,,,,,,Sin_Dato,Sin_Dato,Sin_Dato
2023-01-01,1631159,Leonard,Miller,Leonard Miller,PF,81.25,6' 9.25'',0.0,Sin_Dato,212.80,86.0,7' 2.00'',106.5,8' 10.50'',Sin_Dato,9.5,10.5,32.0,37.5,11.0,0.0,3.33,0.0,Sin_Dato,,,,,8-25,,,,,,,,,,,,,14-30,,Sin_Dato,Sin_Dato,15-25
2023-01-01,1641758,Judah,Mintz,Judah Mintz,PG,75.0,6' 3.00'',0.0,Sin_Dato,176.40,75.5,6' 3.50'',98.0,8' 2.00'',Sin_Dato,8.25,9.25,28.5,37.0,10.32,3.13,3.24,0.0,Sin_Dato,,,,,14-25,,,,,,,,,,,,,17-30,,Sin_Dato,Sin_Dato,13-25
2023-01-01,1641759,Dillon,Mitchell,Dillon Mitchell,PF,78.75,6' 6.75'',0.0,Sin_Dato,193.00,82.0,6' 10.00'',105.0,8' 9.00'',Sin_Dato,8.25,9.5,29.0,37.0,10.92,0.0,3.32,0.0,Sin_Dato,,,,,16-25,,,,,,,,,,,,,17-30,,Sin_Dato,Sin_Dato,12-25
2023-01-01,1641760,Omari,Moore,Omari Moore,SG,77.25,6' 5.25'',0.0,Sin_Dato,188.60,81.75,6' 9.75'',103.5,8' 7.5'',Sin_Dato,9.0,10.25,29.0,35.5,10.8,0.0,3.22,0.0,Sin_Dato,,,,,21-25,,,,,,,,,,,,,13-30,,Sin_Dato,Sin_Dato,15-25
2023-01-01,1631200,Kris,Murray,Kris Murray,PF,79.75,6' 7.75'',0.0,Sin_Dato,212.80,83.75,6' 11.75'',106.0,8' 10.00'',Sin_Dato,8.5,9.0,29.5,35.0,11.11,0.0,3.3,0.0,Sin_Dato,,,,,,,,,,,,,,,,,,,,Sin_Dato,Sin_Dato,Sin_Dato
2023-01-01,1641761,Grant,Nelson,Grant Nelson,PF,82.0,6' 10.00'',0.0,Sin_Dato,223.40,84.0,7' 0.00'',106.5,8' 10.50'',Sin_Dato,9.0,9.5,32.0,35.5,9.99,0.0,3.21,0.0,Sin_Dato,,,,,14-25,,,,,,,,,,,,,19-30,,Sin_Dato,Sin_Dato,9-25
2023-01-01,1641762,James,Nnaji,James Nnaji,C,0.0,Sin_Dato,0.0,Sin_Dato,Sin_Dato,0.0,Sin_Dato,0.0,Sin_Dato,Sin_Dato,Sin_Dato,Sin_Dato,0.0,0.0,0.0,0.0,0.0,0.0,Sin_Dato,,,,,,,,,,,,,,,,,,,,Sin_Dato,Sin_Dato,Sin_Dato
2023-01-01,1641763,Julian,Phillips,Julian Phillips,SF,78.75,6' 6.75'',0.0,Sin_Dato,196.60,83.5,6' 11.50'',102.0,8' 6.00'',Sin_Dato,8.5,9.0,36.0,43.0,11.09,0.0,3.32,0.0,Sin_Dato,,,,,,,,,,,,,,,,,,,,Sin_Dato,Sin_Dato,Sin_Dato
2023-01-01,1629618,Jalen,Pickett,Jalen Pickett,PG,74.0,6' 2.00'',0.0,Sin_Dato,197.80,79.25,6' 7.25'',98.5,8' 2.50'',Sin_Dato,8.5,7.5,28.5,33.0,11.91,3.41,3.35,0.0,Sin_Dato,,,,,16-25,,,,,,,,,,,,,15-30,,Sin_Dato,Sin_Dato,14-25
2023-01-01,1641764,Brandin,Podziemski,Brandin Podziemski,SG,75.75,6' 3.75'',0.0,Sin_Dato,203.80,77.5,6' 5.50'',96.5,8' 0.50'',Sin_Dato,8.25,10.0,31.5,39.0,11.16,3.2,3.21,0.0,Sin_Dato,,,,,16-25,,,,,,,,,,,,,19-30,,Sin_Dato,Sin_Dato,18-25
2023-01-01,1641765,Olivier-Maxence,Prosper,Olivier-Maxence Prosper,PF,78.75,6' 6.75'',0.0,Sin_Dato,212.40,85.0,7' 1.00'',104.0,8' 8.00'',Sin_Dato,8.25,10.0,35.0,40.5,10.59,3.0,3.21,0.0,Sin_Dato,,,,,16-25,,,,,,,,,,,,,17-30,,Sin_Dato,Sin_Dato,16-25
2023-01-01,1641712,Rayan,Rupert,Rayan Rupert,SF,78.0,6' 6.00'',0.0,Sin_Dato,193.20,86.0,7' 2.00'',106.0,8' 10.00'',Sin_Dato,8.5,9.5,27.5,32.5,11.18,0.0,3.43,0.0,Sin_Dato,,,,,,,,,,,,,,,,,,,,Sin_Dato,Sin_Dato,Sin_Dato
2023-01-01,1641766,Adama,Sanogo,Adama Sanogo,C,79.25,6' 7.25'',0.0,Sin_Dato,257.80,86.75,7' 2.75'',108.5,9' 0.50'',Sin_Dato,9.75,10.0,28.5,31.0,11.5,0.0,3.31,0.0,Sin_Dato,,,,,14-25,,,,,,,,,,,,,19-30,,Sin_Dato,Sin_Dato,11-25
2023-01-01,1631204,Marcus,Sasser,Marcus Sasser,PG,73.25,6' 1.25'',0.0,Sin_Dato,195.60,79.0,6' 7.00'',99.5,8' 3.50'',Sin_Dato,8.75,9.5,27.0,35.0,10.68,0.0,3.43,0.0,Sin_Dato,,,,,20-25,,,,,,,,,,,,,24-30,,Sin_Dato,Sin_Dato,20-25
2023-01-01,1641729,Brice,Sensabaugh,Brice Sensabaugh,SF,0.0,Sin_Dato,0.0,Sin_Dato,Sin_Dato,0.0,Sin_Dato,0.0,Sin_Dato,Sin_Dato,Sin_Dato,Sin_Dato,0.0,0.0,0.0,0.0,0.0,0.0,Sin_Dato,,,,,,,,,,,,,,,,,,,,Sin_Dato,Sin_Dato,Sin_Dato
2023-01-01,1630545,Terrence,Shannon Jr.,Terrence Shannon Jr.,SF,77.5,6' 5.50'',0.0,Sin_Dato,220.00,80.0,6' 8.00'',102.0,8' 6.00'',Sin_Dato,8.25,8.0,32.0,37.5,10.36,0.0,3.06,0.0,Sin_Dato,,,,,19-25,,,,,,,,,,,,,21-30,,Sin_Dato,Sin_Dato,14-25
2023-01-01,1641767,Ben,Sheppard,Ben Sheppard,SG,77.25,6' 5.25'',0.0,Sin_Dato,194.60,79.75,6' 7.75'',100.0,8' 4.00'',Sin_Dato,8.5,9.5,29.5,35.5,10.88,2.98,3.17,0.0,Sin_Dato,,,,,15-25,,,,,,,,,,,,,22-30,,Sin_Dato,Sin_Dato,14-25
2023-01-01,1641771,Jalen,Slawson,Jalen Slawson,PF,78.5,6' 6.50'',0.0,Sin_Dato,221.60,83.75,6' 11.75'',106.0,8' 10.00'',Sin_Dato,9.0,9.0,29.0,33.0,11.26,0.0,3.29,0.0,Sin_Dato,,,,,16-25,,,,,,,,,,,,,12-30,,Sin_Dato,Sin_Dato,17-25
2023-01-01,1631173,Terquavion,Smith,Terquavion Smith,SG,74.5,6' 2.50'',0.0,Sin_Dato,163.20,78.75,6' 6.75'',98.0,8' 2.00'',Sin_Dato,8.5,8.0,30.0,37.0,10.86,0.0,3.21,0.0,Sin_Dato,,,,,15-25,,,,,,,,,,,,,22-30,,Sin_Dato,Sin_Dato,10-25
2023-01-01,1641733,Nick,Smith Jr.,Nick Smith Jr.,SG,0.0,Sin_Dato,0.0,Sin_Dato,Sin_Dato,0.0,Sin_Dato,0.0,Sin_Dato,Sin_Dato,Sin_Dato,Sin_Dato,0.0,0.0,0.0,0.0,0.0,0.0,Sin_Dato,,,,,,,,,,,,,,,,,,,,Sin_Dato,Sin_Dato,Sin_Dato
2023-01-01,1631124,Julian,Strawther,Julian Strawther,SF,78.0,6' 6.00'',0.0,Sin_Dato,208.80,81.25,6' 9.25'',105.0,8' 9.00'',Sin_Dato,8.25,8.25,27.5,34.5,10.94,3.46,3.31,0.0,Sin_Dato,,,,,19-25,,,,,,,,,,,,,19-30,,Sin_Dato,Sin_Dato,19-25
2023-01-01,1641708,Amen,Thompson,Amen Thompson,SG,77.75,6' 5.75'',0.0,Sin_Dato,214.20,84.0,7' 0.00'',103.5,8' 7.50'',Sin_Dato,8.5,8.5,0.0,0.0,0.0,0.0,0.0,0.0,Sin_Dato,,,,,,,,,,,,,,,,,,,,Sin_Dato,Sin_Dato,Sin_Dato
2023-01-01,1641709,Ausar,Thompson,Ausar Thompson,SG,77.75,6' 5.75'',0.0,Sin_Dato,218.20,84.0,7' 0.00'',104.0,8' 8.00'',Sin_Dato,8.75,9.25,0.0,0.0,0.0,0.0,0.0,0.0,Sin_Dato,,,,,,,,,,,,,,,,,,,,Sin_Dato,Sin_Dato,Sin_Dato
2023-01-01,1631166,Drew,Timme,Drew Timme,C,80.75,6' 8.75'',0.0,Sin_Dato,243.20,85.75,7' 1.75'',108.5,9' 0.50'',Sin_Dato,9.0,10.0,26.0,30.5,10.93,0.0,3.34,0.0,Sin_Dato,,,,,9-25,,,,,,,,,,,,,20-30,,Sin_Dato,Sin_Dato,12-25
2023-01-01,1641772,Nae'Qwan,Tomlin,Nae'Qwan Tomlin,PF,0.0,Sin_Dato,0.0,Sin_Dato,Sin_Dato,0.0,Sin_Dato,0.0,Sin_Dato,Sin_Dato,Sin_Dato,Sin_Dato,0.0,0.0,0.0,0.0,0.0,0.0,Sin_Dato,,,,,,,,,,,,,,,,,,,,Sin_Dato,Sin_Dato,Sin_Dato
2023-01-01,1631131,Oscar,Tshiebwe,Oscar Tshiebwe,C,79.25,6' 7.25'',0.0,Sin_Dato,253.60,87.5,7' 3.50'',108.0,9' 0.00'',Sin_Dato,9.75,10.25,29.5,32.5,12.26,0.0,3.32,0.0,Sin_Dato,,,,,8-25,,,,,,,,,,,,,18-30,,Sin_Dato,Sin_Dato,12-25
2023-01-01,1641773,Azuolas,Tubelis,Azuolas Tubelis,PF,80.75,6' 8.75'',0.0,Sin_Dato,234.80,83.0,6' 11.00'',108.0,9' 0.00'',Sin_Dato,9.0,10.5,23.5,30.5,11.17,0.0,3.5,0.0,Sin_Dato,,,,,9-25,,,,,,,,,,,,,18-30,,Sin_Dato,Sin_Dato,7-25
2023-01-01,1641774,Tristan,Vukcevic,Tristan Vukcevic,C,83.25,6' 11.25'',0.0,Sin_Dato,223.40,86.5,7' 2.50'',111.0,9' 3.00'',Sin_Dato,9.0,10.25,26.0,30.5,11.71,3.16,3.43,0.0,Sin_Dato,,,,,17-25,,,,,,,,,,,,,21-30,,Sin_Dato,Sin_Dato,11-25
2023-01-01,1641716,Jarace,Walker,Jarace Walker,PF,78.5,6' 6.50'',0.0,Sin_Dato,248.60,86.5,7' 2.50'',104.5,8' 8.50'',Sin_Dato,9.0,10.0,34.5,38.0,10.89,0.0,3.2,0.0,Sin_Dato,,,,,,,,,,,,,,,,,,,,Sin_Dato,Sin_Dato,Sin_Dato
2023-01-01,1641717,Cason,Wallace,Cason Wallace,PG,74.5,6' 2.50'',0.0,Sin_Dato,195.20,80.5,6' 8.50'',101.0,8' 5.00'',Sin_Dato,8.5,9.25,28.0,36.0,10.82,0.0,3.34,0.0,Sin_Dato,,,,,,,,,,,,,,,,,,,,Sin_Dato,Sin_Dato,Sin_Dato
2023-01-01,1641775,Jordan,Walsh,Jordan Walsh,SF,77.75,6' 5.75'',0.0,Sin_Dato,204.00,85.75,7' 1.75'',107.0,8' 11.00'',Sin_Dato,8.75,8.5,33.0,36.0,10.83,0.0,3.3,0.0,Sin_Dato,,,,,17-25,,,,,,,,,,,,,19-30,,Sin_Dato,Sin_Dato,12-25
2023-01-01,1641705,Victor,Wembanyama,Victor Wembanyama,C,0.0,Sin_Dato,0.0,Sin_Dato,Sin_Dato,0.0,Sin_Dato,0.0,Sin_Dato,Sin_Dato,Sin_Dato,Sin_Dato,0.0,0.0,0.0,0.0,0.0,0.0,Sin_Dato,,,,,,,,,,,,,,,,,,,,Sin_Dato,Sin_Dato,Sin_Dato
2023-01-01,1641727,Dariq,Whitehead,Dariq Whitehead,SG,77.75,6' 5.75'',0.0,Sin_Dato,217.20,82.25,6' 10.25'',103.5,8' 7.50'',Sin_Dato,8.5,10.0,0.0,0.0,0.0,0.0,0.0,0.0,Sin_Dato,,,,,,,,,,,,,,,,,,,,Sin_Dato,Sin_Dato,Sin_Dato
2023-01-01,1641715,Cam,Whitmore,Cam Whitmore,SF,77.75,6' 5.75'',0.0,Sin_Dato,235.00,80.5,6' 8.50'',103.5,8' 7.50'',Sin_Dato,8.0,8.25,31.5,40.5,10.82,3.33,3.2,0.0,Sin_Dato,,,,,,,,,,,,,,,,,,,,Sin_Dato,Sin_Dato,Sin_Dato
2023-01-01,1630592,Jalen,Wilson,Jalen Wilson,SF,77.5,6' 5.50'',0.0,Sin_Dato,230.20,80.0,6' 8.00'',99.5,8' 3.50'',Sin_Dato,8.25,9.0,31.5,35.0,11.26,3.15,3.2,0.0,Sin_Dato,,,,,9-25,,,,,,,,,,,,,18-30,,Sin_Dato,Sin_Dato,14-25
2023-01-01,1631209,Isaiah,Wong,Isaiah Wong,SG,74.5,6' 2.50'',0.0,Sin_Dato,178.40,78.75,6' 6.75'',97.5,8' 1.50'',Sin_Dato,8.25,9.5,32.5,37.0,10.93,0.0,3.22,0.0,Sin_Dato,,,,,10-25,,,,,,,,,,,,,23-30,,Sin_Dato,Sin_Dato,17-25
